	1_up_0.04	1_up_0.12	1_up_0.37	1_up_01.11	1_up_03.33	1_up_10.0	2_down_0.04	2_down_0.12	2_down_0.37	2_down_01.11	2_down_03.33	2_down_10.0
ETS1_MEL cell line_mm9	0.0	2.43235396407	8.18748417217	11.5548006412	19.0430524374	15.076075405	-0.0	-0.0	-0.0	-0.0	-0.0	-0.0
GATA2_endothelial cell of umbilical vein_hg19	2.69832080895	6.88416034643	9.61075228829	13.7386823199	15.0809930172	10.9693754343	-0.0	-0.0	-0.0	-0.0	-0.0	-0.0
MAX_HepG2_hg19	0.164300653453	0.183764792178	2.77892112191	11.9861841368	9.58407951675	20.5107494891	-16.4388483557	-67.0502810315	-50.0709237095	-62.758204158	-44.8904773861	-52.9340692653
USF1_myocyte_mm9	0.335668245183	0.85017569959	0.0	8.06049887303	12.1907306735	8.23833096399	-0.0	-0.351213313409	-7.03403597981	-17.4776005184	-6.26361545621	-13.5913597012
USF1_H1-hESC_hg19	0.0	0.957992041825	0.816010730665	6.95957763188	14.4515890966	9.0301508091	-16.8039616029	-1.16122313987	-11.9803514383	-26.2165464148	-4.86113052206	-4.69135278957
USF1_HCT116_hg19	0.0	0.0	0.0	3.78321221222	8.92460355784	12.9237612527	-0.0	-0.0	-0.0	-4.20513921961	-0.0	-0.0
EP300_HepG2_hg19	2.56783065557	1.30875747182	0.298042665975	8.52299930089	16.58489018	15.3509487291	-2.52204940816	-7.27787414241	-0.0	-8.66902010797	-0.0	-0.0
USF1_ECC-1_hg19	0.0	2.45791161056	0.0	10.7573134138	13.0125297558	8.49619828448	-5.65192637989	-3.94874190336	-2.46451177645	-11.5683105987	-3.59093572325	-0.0
TAF1_HepG2_hg19	0.0	0.0	0.0	8.73083784963	7.70867201539	5.62856922575	-3.93958783015	-14.1199982669	-12.2352497359	-12.2283516858	-4.44582277514	-7.45345183066
BHLHE40_MEL cell line_mm9	2.83823975067	0.0	2.54810467017	10.9442095004	9.34799566454	8.2040340542	-0.0	-0.0	-0.0	-0.0	-0.0	-0.0
USF1_A549_hg19	0.0	0.0	0.0	2.81765198241	8.56846337849	12.8087911937	-25.2053128367	-24.8500428241	-31.0105121076	-43.9723449472	-18.4893914255	-10.6858821316
USF1_SK-N-SH_hg19	0.0	0.0	0.0	5.86869966195	4.99117241156	3.3135558448	-3.16571371629	-18.5659983282	-32.2865762524	-48.8940628036	-19.474499075	-29.0082565803
BHLHE40_A549_hg19	2.68103980703	0.75752503499	0.545059541757	5.94113181842	6.8613834527	9.66166927672	-0.0	-11.9011685929	-5.82322929022	-10.1962819171	-0.0	-3.4016923089
POLR2A_MEL cell line_mm9	7.87421120285	11.1159489726	15.7698843256	20.8599138973	13.948259862	26.5228245211	-29.6892445361	-27.9510855686	-36.774500669	-48.0035726508	-60.9982171743	-49.4658667041
POLR2A_A549_hg19	10.0172785821	13.0713742901	10.9470644136	23.9886175692	17.376200038	28.3251996407	-1.26754186355	-0.0	-2.96823072162	-0.0	-3.45011354414	-0.0
POLR2A_GM19099_hg19	2.70846128432	0.0	0.0	7.46955949815	6.91644077625	11.4088397236	-4.12892185434	-8.44893576045	-11.9996341009	-16.0392390388	-3.03764487608	-13.2219593525
POLR2AphosphoS2_myocyte_mm9	0.0	0.157641836513	4.88468923927	13.1169574535	4.46682902543	16.6035804272	-0.0	-0.0	-0.0	-0.0	-0.0	-0.0
SP1_HCT116_hg19	0.660559805223	1.06495795597	0.0	1.93722608054	3.8649703206	3.39933879323	-0.0	-2.9542204875	-39.019087771	-41.0153977275	-90.7418678909	-76.3486621244
NR3C1_A549_hg19	6.09631019837	3.92307938922	10.7676956814	19.3168695041	21.6077851456	11.6031896967	-0.0	-0.0	-0.0	-0.0	-0.0	-0.0
POLR2A_Raji_hg19	0.0	0.0	0.0	0.907219985328	3.43596560157	5.82679244361	-10.0963695382	-6.83817358786	-23.8847203938	-15.2178183853	-14.8265140266	-9.61780994085
POLR2A_GM12878_hg19	7.24479113533	2.56490743227	3.65182911872	21.3288833498	14.9886926221	29.5902440798	-28.1685327037	-75.3731843215	-72.4986685753	-47.4603524148	-64.4847414447	-59.8189155855
ZMIZ1_MEL cell line_mm9	0.0	0.0	12.0135811873	5.48483888721	9.05647328117	14.8472972619	-0.0	-0.0	-0.0	-0.0	-0.0	-0.0
RELA_GM10847_hg19	2.4160450329	0.0	3.23540780086	7.38419007531	7.99285809367	4.50540033805	-0.0	-2.87509708384	-13.8358707593	-0.627816877545	-0.619555929335	-5.44217236608
POLR2AphosphoS5_GM12891_hg19	0.0	0.21948741374	3.62082635265	9.88652467454	4.00787126229	18.3307804805	-0.48590045483	-5.1938567156	-15.3108457679	-12.9641369729	-20.3178835555	-8.06504849634
PRDM1_HeLa-S3_hg19	2.10637086184	5.43579608732	0.0	7.03474704347	11.4978033207	14.3216085453	-0.139838538117	-0.0	-0.0	-0.0	-4.90269167403	-0.0
POLR2AphosphoS2_HepG2_hg19	0.0	0.0310356489081	4.6346077671	4.96946890111	3.44368379067	13.3895634295	-1.85853737974	-29.2207342737	-16.5786971636	-3.67568145414	-14.1060351599	-7.29928796759
NFE2_GM12878_hg19	0.0	0.0	0.0	6.00956696757	2.74893750899	10.9308446823	-18.6124133575	-17.4375671385	-27.4043996169	-61.0858524803	-22.6020415105	-43.9692234724
GATA3_MCF-7_hg19	1.4846962173	6.3644521325	8.2616695358	3.86607240303	17.6565381555	14.7702907303	-0.0	-0.0	-0.0	-0.0	-0.0	-0.0
PHF8_K562_hg19	1.02179134721	0.0	1.84448758443	6.24151901694	2.26068887393	6.62920115548	-21.390158832	-7.2061874655	-10.4179545296	-5.99116095435	-6.36889044436	-5.20493028989
E2F6_K562_hg19	0.0	4.06933764587	0.0	8.32171788102	5.8455401217	16.0756630333	-3.17145639578	-46.87863937	-49.4835791665	-58.1932931593	-60.2130622268	-78.7265714053
ARID3A_HepG2_hg19	0.0	0.0	0.0	4.55657405991	2.17551390939	9.74474763823	-0.0	-8.96108623779	-2.26847861794	-1.47123178061	-0.0	-0.0
USF2_K562_hg19	0.0	1.43092111386	0.0	1.73153528747	3.76417821934	8.04611862114	-17.1184274802	-3.58153773101	-19.3263967216	-30.3059114995	-8.26878583944	-11.3068912467
MYC_MCF-7_hg19	0.0	5.56890566109	2.05923368966	12.7242585371	5.58788725647	14.6162762361	-45.5990490005	-54.584339594	-80.1746352944	-58.0830715412	-74.1881171834	-74.7111459502
USF1_GM12878_hg19	0.0	7.67034515083	0.0929863991258	10.3746022922	10.2370961888	10.7304279438	-2.17989516533	-1.40352232579	-3.58683495748	-19.9262952733	-0.0	-2.47849436512
POLR2A_endothelial cell of umbilical vein_hg19	4.34867250028	4.94896897114	3.27185055144	25.2112655409	10.0513294269	28.5328148563	-34.7312038041	-65.5313359631	-34.463144586	-6.84719322284	-30.1752279044	-23.8484405755
JUND_HepG2_hg19	0.0	0.0	0.0	6.75893518559	5.99032707993	2.20637170054	-17.1259663056	-16.4201144014	-9.74110526975	-16.1637456435	-11.7534083659	-17.7578984505
POLR2A_GM12891_hg19	0.0	0.0	0.0	0.0	8.6068537825	16.5171273475	-21.7834744893	-42.6654790464	-34.9099340309	-36.2677097725	-34.6676557266	-20.9305268498
POLR2AphosphoS5_U-87 MG_hg19	0.0	0.330069673224	0.666104998961	11.2565419999	2.32340158388	14.8671117562	-0.0	-16.0649684724	-0.0	-0.0	-0.0	-0.0
BRCA1_GM12878_hg19	0.0	0.0	0.0	1.73018671956	0.519647233713	3.42368182472	-26.2597347938	-55.8345206044	-57.3815525833	-39.0709479471	-33.8137537005	-51.5817156949
RAD21_HeLa-S3_hg19	2.86246973373	2.9123700871	8.84930867879	9.09794628557	4.76159839371	11.1466763862	-0.0	-0.0	-0.0	-0.0	-0.0	-0.0
EP300_SK-N-SH_hg19	1.81875120901	1.46831569287	2.5229870497	3.64428236905	2.04462262473	3.82163862068	-11.7643344177	-0.0	-0.0	-0.29088090969	-0.0	-0.0
USF2_MEL cell line_mm9	2.30497952966	0.520115128436	0.861968428566	2.29249473916	10.9374363388	7.00846820425	-0.0	-0.0	-6.81577246544	-12.5570185007	-0.593622383826	-1.527030579
EP300_GM12878_hg19	0.767257660848	0.551060157093	0.0	7.32970400716	2.75200658724	14.0709550051	-31.423916717	-51.1410280636	-55.8574141443	-32.1116287924	-36.2182828016	-57.8865218176
POLR2A_GM18526_hg19	8.00022172276	0.0521651486359	0.855950191545	7.34915401799	16.2657052995	20.1336461937	-0.967464825626	-33.4223470676	-11.2774981095	-11.3691074076	-6.15196362988	-4.99008572045
PHF8_H1-hESC_hg19	2.52145184944	2.06720279283	0.0	8.75113915409	5.73359035945	20.3576610504	-0.0	-0.0	-15.5665314254	-0.0	-2.06069932369	-0.0
POLR2AphosphoS5_MEL cell line_mm9	0.40412671778	3.0056500168	1.81879405121	12.0734275263	9.44849757722	4.27779925561	-11.9735689841	-47.1690464615	-52.5550962424	-55.9410708964	-57.8817790661	-84.3333750386
eGFP-FOS_K562_hg19	8.98487134934	11.3267180526	6.67732949293	13.3120654414	15.8948445005	13.528428921	-0.0	-0.0	-0.0	-0.0	-0.0	-0.0
HNF4A_HepG2_hg19	4.07003567749	0.197665975274	1.61464982355	0.826617145328	14.1217845101	17.3187614627	-0.0	-0.0	-0.0	-0.0	-0.0	-0.0
HCFC1_MEL cell line_mm9	0.0	0.0	2.17118244003	3.91470753725	0.467258160225	4.11138181751	-3.64573712462	-29.9661402904	-15.0557116874	-14.9064155046	-10.7701454349	-27.8980292672
MYOD1_myocyte_mm9	8.39035554127	6.36761483732	7.09844389957	18.6308612661	10.108964512	15.7934354739	-0.0	-0.0	-0.0	-0.0	-0.0	-0.0
USF2_HepG2_hg19	1.75946900828	0.0	0.0	1.87858693861	2.97726513344	6.10095001477	-15.0186450379	-0.734734062718	-23.5249451907	-27.9486195466	-5.8669813159	-4.86587743125
POLR2A_GM18951_hg19	0.0	1.91958416852	0.0	1.15069059887	11.5670999921	5.67848904258	-5.32092615917	-36.5843546749	-36.1538214365	-40.3974323485	-22.3927155767	-25.6796693317
CTCF_bone marrow_mm9	0.0	4.04070033177	9.81875484063	15.7947446034	4.80472536654	11.3792693701	-0.0	-0.0	-0.0	-0.0	-0.0	-0.0
POLR2A_olfactory bulb_mm9	0.41848151006	0.0	0.169236697194	0.0	7.04356541654	3.85618498598	-0.0	-0.0	-0.0	-0.0	-0.0	-0.0
USF1_C2C12_mm9	0.0	0.0	0.0	15.03057391	9.06793743117	4.31348847307	-0.0	-0.0	-13.7131870026	-18.0997735678	-4.34636786271	-12.4630243179
RNF2_K562_hg19	1.57511637105	0.0	4.04629731365	15.0536262761	1.22763423345	18.5240870241	-0.0	-0.0	-2.6732285122	-0.152845856556	-0.0	-0.0461054681567
POLR2A_HEK293_hg19	5.11507776281	7.09062979645	1.61063633344	11.2229905922	8.24929450928	21.1497764934	-4.63185221915	-16.2813643709	-0.0	-0.0	-0.0	-0.247098288112
ELK1_GM12878_hg19	4.53522082504	0.0	0.158317112522	3.81268794152	11.0163642266	7.46227044313	-4.92391766747	-6.48808870674	-10.2014544984	-1.40084870442	-6.63592834814	-15.178437626
YY1_SK-N-SH_hg19	0.0	0.0	1.01767166276	5.75770879847	1.86040209621	2.0654364606	-15.9585316968	-28.1438851141	-14.1715338719	-14.1643026702	-2.33958664221	-10.7562321027
CTCF_GM12872_hg19	0.0	0.0	0.36484119489	8.13020007624	0.0	10.1913751366	-0.0	-0.0	-0.0	-0.0	-0.0	-0.0
POLR2A_liver_mm9	1.60292472626	0.0	1.50667351893	11.6626625036	2.73154930555	7.61179480721	-6.09913675594	-0.0	-0.0	-4.56967874052	-0.0	-0.0
HCFC1_HeLa-S3_hg19	0.0	0.0	0.0	1.87025702427	0.0	3.31356614355	-1.63354779421	-5.57571684755	-8.68234378309	-1.77772802957	-0.389043671961	-6.60863063674
POLR2AphosphoS5_K562_hg19	0.0	0.0703037076263	1.17100766867	5.83136423515	0.777427528221	19.0297781043	-14.4258391562	-6.09576194625	-9.67826346306	-12.3827337128	-20.1615952553	-18.8646043416
CTCF_GM12801_hg19	0.0	0.837337499118	1.78998366773	6.25458047076	0.31195935289	15.0494075628	-0.561863200569	-0.0	-2.30470146727	-0.0	-0.0	-0.0
GATA1_erythroblast_hg19	0.0	0.142856748008	0.890491564709	3.44022919494	0.0	3.59398417104	-8.7896181178	-32.1227839976	-25.7284277751	-23.9353787781	-36.7983216303	-27.2317850509
POLR2A_GM12892_hg19	0.894424782534	0.711131559708	0.0	0.778604631398	5.16501171108	20.659868823	-16.7831174401	-37.0142134964	-50.1585568463	-34.2600430749	-23.7179428745	-24.5020326899
MAX_MCF-7_hg19	1.49004826684	2.86865397207	0.805524482898	0.0	7.70427000907	15.2764280753	-1.48622527942	-34.322624957	-8.17656162078	-10.93805976	-18.5923437549	-12.553837273
CTCF_HepG2_hg19	0.216152942171	5.01357191353	4.42779496833	9.60394431989	4.03302612333	6.01591867562	-0.0	-0.0	-0.0	-0.0	-0.0	-0.0
RFX5_H1-hESC_hg19	0.0	0.0	0.0	6.65209639089	0.0	6.63558940801	-12.8366464376	-25.4218644535	-22.6091716002	-16.6845007778	-13.555053222	-14.089838499
POLR2A_K562_hg19	26.8313751373	14.9546591398	14.5794338542	52.7984270117	23.742734909	62.9102582316	-60.812569652	-111.029962839	-136.283196854	-98.874740205	-98.3839639507	-112.959849163
BACH1_K562_hg19	0.0	7.96584354521	3.43062842928	9.52123381843	3.72819322282	20.9555568123	-0.0	-10.3299020812	-19.0933077154	-17.0365729191	-8.72583436786	-27.8295600727
MYC_MCF 10A_hg19	1.81825753092	2.16085681096	3.33165593669	4.35513559726	12.6996610009	3.38933295455	-1.43686411121	-27.477682792	-3.30641881191	-13.0799166777	-9.35229645308	-22.6635361968
POLR2A_H1-hESC_hg19	0.0	8.24300652404	6.71287092133	15.0268329633	7.74571432025	7.77303998052	-0.0	-0.0	-4.04304380836	-1.99403874739	-7.42170578094	-0.0
NRF1_GM12878_hg19	3.51850678967	1.89423980146	7.65881385161	7.21372044988	3.48827722907	9.13486547818	-1.18479280737	-7.64115772002	-40.9345917046	-6.32607570802	-17.9958884919	-4.99670785961
POLR2A_myocyte_mm9	8.01076463194	1.07298365991	3.19449893991	14.7312934184	11.386080146	9.22073388799	-0.0	-0.0	-2.77567110091	-7.88465673235	-9.35521452496	-2.7433556635
ZKSCAN1_HeLa-S3_hg19	0.0	0.980523689783	0.201792926798	17.4631089806	0.897434445632	13.5506405947	-24.0561080149	-0.0	-3.2836028212	-32.7961028987	-12.9440954722	-15.4910194725
CTCF_K562_hg19	0.699744335352	5.03495534915	7.34713949513	15.6890237805	1.69243054676	16.7203320152	-20.3706095934	-13.1480042868	-13.0495379875	-22.1531448732	-4.54158778832	-9.49306637146
CTCF_fibroblast of skin of abdomen_hg19	0.0	1.70704368573	2.8543141558	4.95480645924	0.300027640923	6.75103165456	-5.87541719612	-0.0	-0.0	-0.0	-0.0	-0.0
BHLHE40_GM12878_hg19	0.0	2.07554098737	0.490853870897	4.6110233185	0.460261950035	9.76564787786	-8.53370990659	-0.0	-0.0	-0.0	-0.0	-0.0
MAX_endothelial cell of umbilical vein_hg19	0.0	0.0	0.0	1.36276815985	0.0	5.92428750901	-4.01062601766	-50.210873982	-62.1715336071	-76.515516657	-52.5275918596	-55.8680223478
MAFK_K562_hg19	0.0	0.0	0.0	7.3411616644	0.0	5.68972863879	-43.5448615963	-45.153929046	-24.5200623829	-29.1760508534	-39.0237113026	-55.5448947914
POLR2AphosphoS5_Panc1_hg19	7.37550040694	0.529237663567	2.27061174907	13.1553274903	4.87578472393	35.7229885592	-11.8958400126	-5.6737140684	-0.257688613647	-0.0	-0.0	-0.0
POLR2AphosphoS5_SK-N-SH_hg19	0.0	1.14388365225	3.71133393267	9.21291632554	1.06305634301	5.63513794313	-0.0	-10.3630864162	-0.0	-0.0	-0.0	-0.0
SIRT6_H1-hESC_hg19	0.0953478354117	0.0	0.0	2.70500378342	0.0	12.1671716726	-0.0	-1.60533016103	-15.2616176745	-17.4466842247	-12.7918255347	-18.5971608831
TEAD4_H1-hESC_hg19	0.0	0.0	0.946054775249	2.21584491274	0.0	1.66035402898	-0.0	-4.46108731144	-0.0	-0.0276000035043	-3.78190485974	-0.0
IKZF1_GM12878_hg19	0.0	1.43157906971	8.89324819938	0.0	5.87103382627	9.60247428526	-0.0	-0.0	-0.0	-0.0	-0.0	-0.0
CHD2_GM12878_hg19	0.0	0.612517754288	0.0	2.50923243645	0.0	2.99704516186	-8.18280380524	-35.8768514275	-50.5707417099	-29.0405300747	-15.2453637294	-23.6291272386
POLR2AphosphoS2_K562_hg19	0.852388704058	0.0	0.0	3.74690997574	0.0	7.72879337133	-12.3414771295	-19.2600546955	-3.15022877324	-0.0	-15.7076016288	-0.136996483435
POLR2A_kidney_mm9	9.67914633552	3.5071570412	6.38205593884	8.35185725026	10.7684306828	11.4609714003	-0.0	-0.0	-0.0	-0.0	-0.0	-0.0
POLR2A_HCT116_hg19	0.144319675667	6.66006980035	1.53267494387	6.87950857515	5.48135057552	5.92451927059	-13.7631372841	-27.8136737641	-3.63782254527	-11.0444912427	-15.7432436764	-9.38875517035
UBTF_MEL cell line_mm9	0.0	1.16499263671	8.17272228072	8.48084663497	0.979029144712	8.68682342841	-0.0	-0.0	-0.0	-0.0	-0.0	-0.0
SRF_ECC-1_hg19	0.629881519304	0.0	0.0	2.79089269469	0.0	8.82520782601	-16.8576787206	-31.9652220057	-16.8595281678	-8.35093770271	-5.58163262687	-7.48065175709
POLR2AphosphoS5_endothelial cell of umbilical vein_hg19	0.396352975312	0.0	2.02275920328	1.98571883254	0.0	6.95903307513	-20.404664653	-1.1824820583	-5.14489629265	-13.8087008372	-9.13164849354	-18.4709576196
ZNF263_K562_hg19	0.0	0.0	0.0	1.79384289413	0.0	12.2202823134	-0.0	-0.0	-0.0	-0.0	-0.0	-0.0
RAD21_A549_hg19	6.37541808711	13.4648326914	7.83989982826	7.55702503984	13.2844088215	30.1715829283	-0.0	-0.0	-0.0	-0.0	-0.0	-0.0
POLR2A_CH12.LX_mm9	0.795862355132	0.0	8.45021597899	5.72809959029	6.59447297552	2.77559891853	-0.0	-4.01193989014	-7.29317202837	-0.0	-6.09995060231	-0.0
JUND_HeLa-S3_hg19	6.28896805586	1.99700679893	1.45926558154	8.54682011185	5.00189431852	13.955052433	-0.0	-0.0	-0.0	-0.0	-0.0	-0.0
USF2_GM12878_hg19	0.0	2.98813454848	0.0	7.33368969205	15.3404468635	1.49598150382	-6.30251338041	-11.4915448467	-7.68400086378	-16.2352766759	-0.801248940701	-7.30323305565
POLR2A_HeLa-S3_hg19	10.1467527461	5.69146595114	2.47838391213	17.7710966984	8.33635989794	23.4910940867	-12.7648019726	-35.506259371	-36.7696722795	-38.1438404113	-39.9136340057	-34.0133808648
EZH2_H1-hESC_hg19	1.14829678112	5.17594594071	3.37005897508	15.9474868261	2.8979988378	11.2839200371	-13.2190331423	-6.94914233777	-16.7286734514	-14.3541573618	-1.92156578533	-1.6829591575
FOS_MCF 10A_hg19	10.7657938828	7.09728467809	7.11778914119	8.54616674408	11.8009095386	22.3766814266	-28.6193739574	-37.7810335491	-35.5115479376	-46.0091238167	-24.3679950425	-38.0655031563
USF1_HepG2_hg19	0.0	0.0	0.0	0.535105673614	11.3206697881	1.62655554501	-0.0	-2.23553742629	-4.72769120278	-10.9568969295	-1.14846796202	-5.12379852224
STAT3_HeLa-S3_hg19	11.6338269603	12.0151496281	8.85949894604	17.0422900957	15.475891587	13.0304519204	-0.776514121769	-0.0	-0.0	-0.0	-0.0	-0.0
CTCF_GM12871_hg19	0.0	0.0	0.980142339509	3.07359729009	0.0	1.87910299404	-0.0	-0.0	-0.0	-0.0	-0.0	-0.0
NFYB_GM12878_hg19	3.63783340589	3.70433377964	0.0	7.13784698116	4.66472670518	7.56358438079	-7.8665309099	-3.70157612302	-20.1144200172	-40.3443646329	-41.1810369432	-50.4124190304
CREB1_K562_hg19	0.68144001966	0.0	0.0	10.9382636679	0.0	7.72546632674	-10.9701769481	-57.1208286647	-12.0516679415	-24.9415763616	-34.4118990129	-42.5141903237
TCF3_myocyte_mm9	3.97103205511	7.86179688095	5.16984022655	13.9330857473	3.96815160912	15.9246207283	-0.0	-0.0	-0.0	-0.0	-0.0	-0.0
USF2_CH12.LX_mm9	0.0	0.0	0.0	15.4826278967	11.5981775072	0.0	-0.0	-0.0	-11.8544560645	-22.8375024747	-9.67861690569	-14.9071076841
EGR1_GM12878_hg19	0.461290275565	0.0	1.91747620108	6.28944537726	0.0	4.2527637825	-0.0	-9.38358854755	-0.0	-5.05888711186	-2.04799598985	-6.73490858094
SP1_K562_hg19	7.92675841645	0.468202304183	0.177481458691	11.3974608938	5.19186660303	16.9964648809	-0.0	-0.0	-26.2368433279	-18.0774780836	-44.4372742302	-23.0730429828
TBP_MEL cell line_mm9	0.161137194662	0.0	4.92081225342	2.414890282	3.60454033853	1.46639657436	-0.0	-3.98680608386	-24.0465484276	-21.5690054853	-24.4657827665	-30.4690475853
RAD21_GM12878_hg19	0.502853914174	0.424631702558	0.0	13.8730690681	0.0	8.62948482663	-0.0	-0.0	-0.0	-0.0	-0.0	-0.0
POLR2A_HepG2_hg19	18.3108154251	7.37148128762	10.0494916606	28.9966053275	14.2000429514	26.6000816217	-28.3253207367	-70.3572461963	-84.326146469	-64.2405047456	-74.1866585885	-59.0225507432
CTCF_astrocyte of the spinal cord_hg19	0.0	4.92635977528	1.18080854021	7.40262971124	0.0	14.3998950693	-0.0	-0.0	-0.0	-0.0	-0.0	-0.0
MXI1_CH12.LX_mm9	0.127956468707	0.0	0.0	1.78494381903	7.83161880585	0.0	-0.0	-0.328446169105	-13.3336805434	-2.20586089962	-0.0	-1.79228999135
BRCA1_HeLa-S3_hg19	0.993470838381	0.0	0.0	1.88106634799	0.706265403064	1.67054701519	-28.2835154363	-5.27056123573	-8.4873953966	-31.3335895219	-27.0263938261	-46.1107045047
POLR2A_bone marrow macrophage_mm9	1.27659226726	2.70356593043	7.27758009285	17.0780836623	5.37093895906	5.34869886673	-5.11046294828	-0.0	-0.0	-1.18283532196	-0.0	-0.0
POLR2A_GM10847_hg19	11.4427632856	1.99467168699	2.37897315305	4.33786101013	17.4694911011	17.2167919931	-14.098909721	-11.6556629382	-20.5013917319	-10.1672984672	-16.3282576038	-18.8063378065
CTCF_A549_hg19	3.85346311211	10.0329025291	11.3958771805	17.3604873442	2.96443176128	23.086624506	-7.8862676853	-0.0	-0.0	-0.347647632316	-0.0	-0.0
IRF1_K562_hg19	9.99724046565	5.57043763266	1.37561810145	11.8609354502	9.02530101786	17.28330671	-42.1425341321	-77.0288747232	-49.054435853	-44.1071018158	-72.5810286957	-59.0084653627
TEAD4_ECC-1_hg19	8.66471315306	1.67391422257	6.2928437201	11.4198688245	4.18902773188	17.968775901	-0.0	-9.06866292627	-3.70217429579	-4.02994448904	-10.720623377	-8.02779502587
CTCF_HL-60_hg19	0.0	6.93028199519	3.47392312643	10.691682729	0.0	15.7183047492	-3.95043171482	-0.0	-0.0	-0.0	-0.0	-0.0
CTCF_MCF-7_hg19	1.24220513656	8.95665731252	8.38116009546	11.5829453124	1.76223660803	17.8963442831	-1.56604993395	-0.0	-0.0	-0.0	-0.0	-0.0
CTCF_limb_mm9	0.0	1.09415808916	2.4262890521	2.63813101304	3.68862448072	0.191021192452	-0.193497794711	-2.96292805108	-0.0	-0.0	-0.0	-0.0
CTCF_fibroblast of villous mesenchyme_hg19	0.0	0.0	0.689723510022	6.96514235613	0.0	2.83033730257	-0.0	-0.0	-0.0	-0.0	-0.0	-0.0
CTCF_fibroblast of mammary gland_hg19	0.0	0.604859119257	0.958444453255	1.42469321377	0.0	1.42776858383	-0.0	-0.0	-0.0	-0.0	-0.0	-0.0
PBX3_SK-N-SH_hg19	6.87691503275	12.367398935	0.0248008211745	18.7580575422	7.74969864315	22.4975070795	-6.16525158828	-1.83228902839	-24.0753788469	-23.8816942735	-28.3111838192	-30.2890712302
CTCF_MEL cell line_mm9	3.18451416238	0.0	4.6742507406	13.0111429404	0.0	10.4973991768	-0.0	-4.66396960202	-14.077197029	-1.90976297592	-16.220945954	-8.86232672423
EGR1_HCT116_hg19	3.3356095741	0.0	0.191777567976	18.3331824178	0.0	12.6113503612	-0.0	-2.49436271065	-12.4958939108	-2.46785468555	-0.0	-0.0
RAD21_SK-N-SH_hg19	5.33944713481	2.20725445143	3.47202478718	5.9451718618	1.4102237872	26.3336575152	-0.0	-0.0	-0.0	-0.0	-0.0	-0.0
JUND_A549_hg19	0.270863450342	0.0	3.27198278844	0.0	7.72438821738	0.96023011986	-1.98092519945	-0.0	-0.0	-1.78166426033	-0.0	-0.0
CTCF_mammary epithelial cell_hg19	0.344916180581	1.48616806164	6.54194109237	6.56133302641	0.0	6.93278214537	-0.573893774941	-0.0	-0.0	-0.0	-0.0	-0.0
CTCF_bone marrow macrophage_mm9	0.0	0.671772088081	3.48140947966	4.23461934222	0.0	3.2452992763	-0.0	-0.0	-0.0	-0.0	-0.0	-0.0
TAF1_SK-N-SH_hg19	0.795841720004	4.39747294025	1.51375278199	5.82594441675	0.41615396678	10.2976978338	-3.76893553367	-0.0	-0.0	-0.0	-0.0	-0.0
RELA_GM18505_hg19	0.0	0.829972297275	5.15048630974	6.1406092301	5.77727775143	0.0	-4.58773705432	-0.0	-0.908526984569	-5.36288636589	-2.83187732566	-0.0
MYC_NB4_hg19	0.0	4.26679264871	0.0	0.938472729649	6.29576496336	3.53604015264	-11.3688286648	-1.67380229439	-18.7550663996	-26.875893582	-11.680940954	-10.8148263778
MAFK_HepG2_hg19	3.70640439201	0.760140844197	0.0	0.0	5.28811900168	8.0976963362	-25.3041083761	-29.7298594933	-25.9855638614	-22.5340018006	-26.3890247571	-32.0950019736
JUN_K562_hg19	0.187714109948	0.177117505244	0.321179386713	34.5217688895	2.45469475924	8.83069362278	-16.3873388264	-39.8871928912	-0.0	-28.669498903	-10.6676644443	-23.9757366152
EBF1_GM12878_hg19	0.476207489965	0.0889546113879	4.19968224247	2.81991151348	5.6046969057	0.0	-14.9296644085	-1.56576036966	-2.91502292475	-5.22592558868	-3.66554537947	-5.43798298737
MAX_MEL cell line_mm9	0.0	0.0	0.0626844556207	18.1137926142	6.83510445652	0.0	-8.29437603973	-8.20577180448	-18.1221932862	-41.2612527447	-23.2861948073	-46.4112571195
CTCF_foreskin fibroblast_hg19	0.0	0.519468611297	2.09533111402	0.8743197048	0.148704517551	2.19041523634	-1.97131416993	-0.0	-0.0	-0.0	-0.0	-0.0
POLR2A_H54_hg19	0.774041004606	9.52621888218	3.35096573795	3.01441221022	16.3008840723	6.04799475438	-0.0	-0.0	-0.0	-0.0	-0.0	-0.0
CTCF_retinal pigment epithelial cell_hg19	0.0	1.47077630794	4.02175586521	6.71398592614	0.0	3.97108978048	-0.0	-0.0	-0.0	-0.0	-0.0	-0.0
ZBTB7A_ECC-1_hg19	0.0	7.64532554447	5.91354008075	10.9207479703	3.83401483621	6.36329389954	-0.0	-0.0	-0.0	-0.0	-0.0	-0.0
CBX3_K562_hg19	1.05426588945	0.327321990519	0.0	0.972973145399	0.0	5.12515858628	-13.3943491011	-32.6109504671	-20.7142247127	-22.690304876	-30.7491605775	-27.7308423339
POLR2A_bone marrow_mm9	5.36154503009	1.07891145198	1.40127003696	0.0	12.9429527133	6.87498323969	-0.0	-13.6141152857	-5.89460773558	-5.227802553	-8.00776733811	-17.4372942182
POLR2A_erythroblast_hg19	3.43697884507	1.29247754051	0.832624572781	7.07105683803	0.0	10.4656361526	-8.40453515996	-35.5208219521	-1.28511666692	-18.2943451079	-26.663486171	-13.8459586576
TCF7L2_HeLa-S3_hg19	3.02908676598	8.22166546773	0.0	12.3475484654	0.0	22.6608545899	-26.949138161	-61.3106938333	-41.807936901	-41.0376073657	-51.4107481016	-76.094655599
CTCF_small intestine_mm9	4.16431343496	0.0	1.38935580289	14.2905664127	0.0	10.2416260809	-0.0	-0.0	-0.0	-0.0	-0.0	-0.0
RELA_GM18951_hg19	8.8842126389	4.27316453725	0.0634789810944	17.8774424498	5.20241531794	15.3327834254	-22.1928267229	-10.7545593494	-15.3591965618	-9.23069213346	-15.5754339805	-2.69195032427
CTCF_HGPS cell_hg19	0.0	0.192882154857	3.62671522719	3.45244761711	0.0	2.3784083297	-0.0736798879298	-0.0	-0.0	-0.0	-0.0	-0.0
MAZ_HepG2_hg19	5.44228733476	5.53586792378	3.92161629736	8.69700727279	13.3158528722	3.86448114444	-5.15866438093	-0.0	-0.0	-0.0	-0.0	-0.0
CREB1_H1-hESC_hg19	2.23605160714	1.76067285734	0.0	8.68462566349	0.0	7.32857304282	-14.2772100868	-24.6348372552	-13.7938797539	-8.1078523596	-17.1214362872	-20.4648511389
MAX_SK-N-SH_hg19	0.0	0.0	5.84447906142	1.19216969244	8.02131717877	0.080352949548	-7.24465666424	-21.4552572025	-20.7855608223	-21.0028471536	-36.1104271514	-41.4257707345
MYC_K562_hg19	11.1458377367	6.44190630395	1.38490624287	22.0187867112	4.68704250711	22.6426021763	-55.6801203776	-115.082307818	-132.645948226	-117.027617171	-114.262388196	-156.450805762
SP2_K562_hg19	0.229039961095	5.60813836423	0.0	7.08727443979	1.9405205019	5.78036407149	-0.0	-0.0	-29.112369045	-45.9045340813	-59.8991519618	-72.596144059
HDAC2_K562_hg19	1.59135058728	0.0	7.61819036327	0.0	1.11712875637	10.7371095504	-0.0	-0.0	-0.0	-5.02208997812	-0.0	-0.0
CTCF_GM12869_hg19	0.0	4.14199128421	0.938429247029	4.78648788176	0.0	6.56143671935	-0.0	-0.0	-0.0	-0.683116444396	-0.0	-0.0
ZMIZ1_CH12.LX_mm9	0.821569474276	2.04995134883	7.56515381756	13.3800136445	1.84821252368	4.39543116753	-0.0	-12.6489087742	-0.201561438554	-15.9335558538	-8.82332622543	-12.0899949333
RFX5_HeLa-S3_hg19	1.69369998213	1.16378123286	8.71407505177	1.61796541662	7.88178681186	3.13103320663	-6.36154328766	-8.39263370574	-0.282931533727	-10.2743472638	-1.38643412093	-0.0
RELA_GM19193_hg19	1.47882853234	6.6198436653	2.18315321288	23.5525926658	5.50410209909	5.74592512366	-0.0	-0.0	-0.0	-0.0	-0.0	-0.0
CTCF_epithelial cell of proximal tubule_hg19	0.0	2.65537899426	2.96700586779	3.90897475026	0.0	4.05699949895	-0.0	-0.0	-0.0	-0.0	-0.0	-0.0
CTCF_epithelial cell of esophagus_hg19	0.0	1.06542607995	0.0	2.87998652488	0.0	1.49321398415	-0.0	-0.0	-0.0	-0.0	-0.0	-0.0
CTCF_fibroblast of lung_hg19	0.0	4.92782537911	2.39616057712	12.6359065465	0.0	6.60283741669	-6.54485695064	-0.130525188933	-3.41060433867	-0.0	-0.0	-2.99423299351
FOXA1_HepG2_hg19	1.3877356872	0.520578864138	0.536012706912	0.0	6.10949649782	0.943863319164	-0.0	-0.0	-0.0	-0.0	-0.0	-0.0
BHLHE40_CH12.LX_mm9	0.0	0.0	0.0	2.42029202015	0.113383654798	0.279096430998	-0.0	-0.0	-0.0	-2.97753181193	-1.15518044656	-0.0
RCOR1_MEL cell line_mm9	0.0	0.844738183021	14.8754695435	24.57496507	4.44218459055	2.94524395241	-0.0	-0.0	-0.0	-0.0	-0.0	-0.0
CTCF_fibroblast of foreskin _hg19	0.0	6.46648081214	3.06328301165	5.14320633979	0.0	10.3207247525	-0.0	-0.0	-0.0	-0.0	-0.0	-0.0
NFYA_HeLa-S3_hg19	3.54619649349	16.803248484	0.327351955978	12.1502558602	7.86302688922	18.8238888499	-24.4844008675	-23.2996450426	-67.511959326	-63.4643994219	-99.762816479	-110.676387921
CEBPZ_HepG2_hg19	2.66304164431	0.163726822647	0.0	4.63951711765	7.01613527182	0.0	-0.0	-0.0	-14.7783992698	-2.55604591263	-18.4875710965	-7.70050614951
CTCF_medulloblastoma_hg19	0.0	0.621071329544	2.32921894595	7.32080648641	0.0	1.70201101845	-0.0127191912442	-0.0	-0.0	-0.0	-0.0	-0.0
CEBPD_HepG2_hg19	4.04321706776	0.373610917862	0.708829972225	0.0	13.583825224	2.37213951397	-1.21750597516	-1.78801948044	-0.0	-0.0	-0.0	-0.0
RELA_GM12891_hg19	0.912800647735	0.0	0.0	13.4013844776	1.0165901785	1.78025066358	-0.0	-0.0	-0.0	-0.0	-0.0	-0.0
IRF3_GM12878_hg19	0.0	2.43998937252	0.0	4.89174326077	3.3922648448	0.0724967350276	-9.12930862508	-39.2416514754	-88.8212161837	-99.3549718331	-119.177650936	-130.904627937
FOS_endothelial cell of umbilical vein_hg19	7.29175028912	10.9608303682	6.10151820628	6.01751293472	7.13493162906	19.3672710918	-0.0	-0.0	-0.244323184132	-1.2908063444	-0.0	-0.0
KDM1A_K562_hg19	7.23081755777	2.14747253943	1.02354305376	0.0	2.96611562145	22.0877157827	-8.67927102195	-43.672096864	-11.5651526139	-1.24143247924	-0.0	-0.0
CEBPB_MCF-7_hg19	0.0	5.31569348902	5.4326356276	11.5925058495	7.76070294109	0.0	-7.90491341822	-0.0	-0.0	-0.0	-0.0	-0.0
SMARCB1_HeLa-S3_hg19	9.98184268794	12.9995569453	6.50451889875	26.8050434183	9.69646743204	14.7808155917	-0.0	-3.64407944931	-32.6385793997	-12.3969903977	-27.9185599115	-13.3320145198
CTCF_SK-N-SH_hg19	2.92570872087	13.3506443704	7.69335906159	18.1989187057	0.577604481406	19.2401271483	-0.0	-0.0	-0.0	-0.0	-0.0	-0.0
TEAD4_A549_hg19	2.75625300536	0.390461064847	0.0	1.82501566695	10.8390099437	0.0	-0.0	-0.0	-0.0	-0.0	-0.0	-0.856669704254
MXI1_K562_hg19	4.38496122721	4.52751697045	0.269658523408	2.61297259474	11.4667083471	4.22756568528	-13.5694797765	-14.5684327201	-0.187452597476	-0.0	-17.5081753847	-6.40704892211
IRF3_HeLa-S3_hg19	0.778827410319	7.42802954003	0.0	13.4314822631	2.66766806129	6.02038970654	-8.57159449269	-42.6402865882	-76.6165223397	-78.4166951744	-131.567146686	-126.80045963
RCOR1_K562_hg19	8.53021787122	1.9310460732	0.0	2.71150164477	6.50058988571	13.3334999131	-22.0808209711	-44.0885243098	-6.42969011906	-10.2160810665	-17.4121832189	-29.776527157
PBX3_A549_hg19	3.13342270709	11.9104343227	0.0	15.3272915911	12.9319934659	4.9373414563	-6.68613381581	-0.0	-55.0181251208	-31.087356845	-24.8933406422	-31.1856361628
eGFP-JUNB_K562_hg19	0.87051082464	0.0	0.0	4.17107354834	0.0	1.42449764174	-7.90460532475	-17.4986848785	-0.0505136510942	-0.0	-3.62905023082	-3.01319234367
JUND_CH12.LX_mm9	0.0	3.97277192634	7.45231475427	12.6331303396	6.1926462974	0.0	-0.0	-0.0	-0.0	-0.0	-1.04725440058	-0.0
CEBPB_ECC-1_hg19	3.62910516663	1.81256917026	6.20218756006	15.9982479575	8.73339547119	0.0	-0.0	-0.0	-0.0	-0.0	-0.0	-0.0
POLR2A_cerebellum_mm9	0.0	0.0	4.8871964978	8.91245812978	1.2449583864	0.344573388281	-0.0	-0.0	-0.0	-0.0	-0.983185386066	-0.0
TBL1XR1_K562_hg19	2.62854053371	3.34364772157	0.599444732188	1.64589645986	2.70038757022	5.90139461461	-44.9925141534	-50.4853595191	-32.4487711006	-29.9315724245	-72.9880860859	-78.2179842305
ARID3A_K562_hg19	0.0	0.0	0.0	3.68056248459	0.0	0.187450875809	-13.46447985	-13.8830106331	-12.2926617073	-6.85518764438	-10.5386219223	-4.66002514728
RAD21_MCF-7_hg19	7.7816154711	0.921775467218	1.22812107004	3.9426428035	0.882599574164	17.3359871709	-0.0	-0.0	-0.0	-0.0	-0.0	-0.0
CTCF_HEK293_hg19	0.0	3.36676052735	3.81286076975	5.3192351782	0.0	3.86660217189	-0.0	-0.0	-0.0	-0.0	-0.0	-0.0
CEBPB_HepG2_hg19	3.76202306508	8.31825222029	0.0	0.0	5.41802824398	15.3758958428	-14.6412757785	-38.0756308527	-15.9737118216	-22.0854279343	-27.8692130113	-14.2258550879
CTCF_GM12865_hg19	0.0	3.46553887827	4.7222567581	5.56945699041	0.0	4.17334557112	-0.0	-0.0	-0.0	-0.0	-0.0	-0.0
UBTF_CH12.LX_mm9	0.0	6.68577879947	11.6832341854	20.606573109	0.0	7.48023726797	-0.0	-0.0	-0.0	-0.0	-0.0	-0.0
CTCF_HCT116_hg19	5.22884502071	5.13438926889	5.29735682723	13.7168922941	1.99393501921	8.87167551403	-0.0	-0.0	-0.0	-0.0	-0.0	-0.0
CTCF_kidney epithelial cell_hg19	0.614970139308	5.30481152318	4.55728463988	6.45356727923	0.0	6.7765633742	-0.0	-0.0	-0.0	-0.0	-0.0	-0.0
CTCF_GM20000_hg19	0.0	1.35240880922	4.32640731363	10.9246090078	0.0	1.49967147621	-0.0	-0.0	-0.0	-0.0	-0.0	-0.0
POLR2AphosphoS2_CH12.LX_mm9	4.41704084133	5.59154260588	10.0197521825	24.6533245061	4.44757110841	5.53175313016	-0.0	-0.0	-5.62910895851	-6.30187992548	-13.4599070476	-12.2895897134
POLR2AphosphoS2_MEL cell line_mm9	0.0	1.08510568944	9.80197066899	10.1688018154	3.53016048558	0.0	-0.0	-0.0	-0.0	-0.0	-0.0	-0.0
CHD1_IMR-90_hg19	6.78179950544	7.50752645551	6.6575009407	5.78647014316	13.6294338341	5.61907556729	-0.0	-0.0	-0.0	-0.0	-0.0	-0.0
EP300_ES-Bruce4_mm9	7.18877711258	1.37607539528	5.18269647438	14.1873647591	9.5287669184	1.66619595506	-3.1279845968	-2.88156558939	-0.0	-3.61560875138	-0.0	-1.74637935892
CTCF_fibroblast of pedal digit skin_hg19	0.0	6.38475381867	0.248459632017	10.1334614932	0.0	5.43152779554	-0.0	-0.0	-0.0	-0.0	-0.0	-0.0
ELK4_HEK293_hg19	0.167866377456	2.68190102383	0.0	8.61868239625	0.257671590325	1.68437743978	-13.9304684821	-22.8775373457	-8.5834655612	-13.634889774	-13.0623409699	-33.6435039956
NELFE_CH12.LX_mm9	0.0	9.1755834021	3.22224836877	3.89099402565	7.49030912438	3.89528242339	-0.0	-0.0	-14.8425180124	-0.0	-1.8331769284	-2.22315281496
CTCF_astrocyte_hg19	0.0	3.09512077469	7.0585450839	0.0	0.0	7.96199248402	-0.0	-0.0	-0.0	-0.0	-0.0	-0.0
CTCF_HeLa-S3_hg19	5.88936414271	11.5718450213	5.76928049562	13.1357398483	4.73270120317	12.4553759465	-2.47573922418	-0.0	-0.0	-0.0	-0.0	-1.50244369342
SMARCC1_HeLa-S3_hg19	18.7015076054	13.6410208836	10.2071675091	7.23327375781	11.5276764588	36.2679451393	-8.84106047213	-0.933581185404	-0.0	-0.0	-0.0	-0.0
NFYA_GM12878_hg19	3.25886003473	9.15503212709	0.0	8.4903284735	2.57955343396	10.5586178743	-23.3075652136	-37.3862775545	-101.766257546	-104.091536644	-147.604160855	-163.324589896
TCF12_myocyte_mm9	7.61154283836	1.90434064774	4.13461192356	13.0218405284	7.47960013687	3.55803755075	-0.0	-0.0	-0.0	-0.0	-0.0	-0.0
POLR2AphosphoS5_G1E_mm9	2.79664005838	0.0	0.0	6.39104479903	2.83879301664	0.564452506011	-6.6231888474	-55.64590562	-29.8238698876	-60.5658009745	-55.2651502743	-75.9538892106
EP300_MEL cell line_mm9	0.0	1.02524680134	10.3027343786	1.28068584271	2.29540032447	3.81795295847	-0.0	-0.0	-0.0	-0.0	-0.0	-0.0
CTCF_CH12.LX_mm9	0.0	1.46180315026	3.74667162773	9.06865548693	0.0	0.792449374927	-0.0	-0.0	-0.0	-0.0	-0.0	-0.0
EGR1_ECC-1_hg19	0.861697461316	3.48939331382	0.0271287029396	12.3633267545	0.0	2.41175348916	-0.0	-0.0	-0.0	-0.102949885552	-0.0223486159621	-0.0
POLR2A_embryonic fibroblast_mm9	2.59503783331	5.70573744139	2.22142997981	4.31270009683	12.3031322966	0.0	-0.0	-0.0	-0.0	-0.0	-0.0	-0.0
MAX_ECC-1_hg19	3.1864975044	1.62303062269	8.75188076492	0.0	1.42695688703	9.3939911735	-1.24047860831	-7.65117998607	-11.111695327	-7.88273436767	-6.54567695069	-8.72428246105
RAD21_HepG2_hg19	6.63146666088	7.30580725844	2.55701230429	0.486097917855	2.9419434393	18.6057553354	-0.0	-0.0	-0.0	-0.0	-0.0	-0.0
CTCF_C2C12_mm9	0.0	2.04001166654	8.63985113083	10.7226912769	1.93155083889	0.0	-0.0	-0.0	-0.0	-0.0	-0.0	-0.0
TFAP2C_HeLa-S3_hg19	7.6814497984	0.553368631151	0.0	9.96405657801	2.53444855788	6.85998872496	-0.0	-0.0	-0.0	-0.0	-0.0	-0.0
GTF2F1_HeLa-S3_hg19	6.71401927723	4.43951777479	0.821452971322	8.37530640005	4.23332577704	7.33326571506	-9.69421968104	-40.6744276952	-17.0376264358	-32.5985047273	-43.9463124533	-29.670013032
UBTF_K562_hg19	9.96291036687	2.10466892166	6.78596288363	8.56631227256	1.93704393971	13.9813865809	-0.0	-10.4872304468	-5.69396220386	-2.6396027298	-5.52232645893	-0.0
GATA1_G1E-ER4_mm9	1.0336287358	3.98661241	0.814988845628	0.0	9.01218541844	0.193489233179	-6.43806969821	-11.6389622144	-1.07368426479	-36.9169562561	-23.404297332	-50.0623076777
POLR2AphosphoS2_A549_hg19	3.73727617044	2.89771308009	10.2364919028	9.01385273473	9.21495997205	0.0	-0.0	-0.0	-5.93916850806	-1.16707769462	-0.0	-10.5518709723
CTCF_fibroblast of gingiva_hg19	0.0	5.19285138583	0.213249693275	3.41846061075	0.0	4.96212334392	-0.0	-0.0	-0.0	-0.0	-0.0	-0.0
TCF7L2_HCT116_hg19	11.2585842546	0.0	3.21612895768	11.9408327094	0.264919544799	13.9508110871	-0.0	-19.6242571425	-9.13954826016	-5.85583664039	-11.4518878322	-10.3414430917
CTCF_GM12868_hg19	0.0	2.56402606237	2.01249843185	1.34402814963	0.0	2.89448656335	-0.0	-0.0	-0.0	-0.0	-0.0	-0.0
CTBP2_H1-hESC_hg19	0.0143253881394	0.0	7.42761204113	1.28255089275	1.67327696222	1.20804917949	-0.0	-0.0	-0.0	-0.0	-0.0	-0.0
MAZ_CH12.LX_mm9	3.72909830806	7.59585997476	0.0206084428294	16.2864468125	3.55857630679	4.58971278179	-0.0	-0.0	-0.0	-0.0	-2.65246042239	-0.560779837796
NCOR1_K562_hg19	7.17050774477	6.94170627341	1.80093493998	23.031840099	2.08402092817	8.15989390463	-1.83736956117	-7.19251036064	-21.6999902319	-1.66369245457	-0.0	-5.05596025618
SMC3_MEL cell line_mm9	2.99200072788	0.0	3.76607829292	9.66544228902	0.0	2.18798827726	-0.0	-0.0	-0.0	-0.0	-0.0	-0.0
TBP_HepG2_hg19	4.50646078372	6.52382821802	0.0	8.78908329254	2.5280982845	7.38248105012	-0.0	-1.29041126711	-10.3644896725	-10.860932736	-7.01552257274	-13.6956919876
POLR2A_GM19193_hg19	5.6471457768	0.0	0.0	0.0	2.43174206631	7.61595658256	-1.83236086589	-16.235214386	-28.6187911676	-17.5691652865	-23.9846354839	-22.6143938101
CTCF_Caco-2_hg19	0.0	5.14384058212	1.13622917262	9.52704407458	0.0	2.04122874729	-1.38085236537	-0.0	-0.0	-0.0	-0.0	-0.0
GTF2B_K562_hg19	8.19288987271	4.85179518357	2.46626627066	0.0	14.1029596135	6.09375841194	-8.74836556764	-37.3574618409	-7.35108503188	-22.9078973177	-37.0811512393	-16.9216367507
EP300_K562_hg19	12.4355018864	0.0	0.0	0.0	0.31564842066	21.1512497931	-37.4019659543	-84.8870363788	-63.1395483752	-76.9045012734	-59.4586634013	-82.2529144826
CTCF_H54_hg19	0.0	5.25742373664	3.63483616655	6.48886627572	0.0	3.43798815194	-0.0	-0.0	-0.0	-0.0	-0.0	-0.0
MAX_A549_hg19	9.08484637741	6.66986218667	1.67948535697	11.051821511	17.5495098467	0.578546185891	-18.2682182544	-32.7692279725	-64.0694619211	-53.5702642627	-45.0860901374	-64.2763458189
MAFK_IMR-90_hg19	7.11549219489	3.83514420177	0.0	0.0	0.0	15.8975783783	-0.396122884301	-0.0	-6.6119254058	-7.22320664219	-10.0375939999	-10.9964058041
RCOR1_GM12878_hg19	0.0	2.91566679888	4.10208901639	1.42913033401	1.79671721211	1.63982363626	-4.66830796357	-0.0	-1.49826934964	-3.37228574948	-3.67706272216	-1.71493172898
CTCF_endothelial cell of umbilical vein_hg19	1.13276527544	6.87233209474	5.47189209707	3.21829318856	0.497458304757	7.88373015682	-2.84502859985	-0.0	-0.0	-0.0	-0.0	-0.0
CTCF_GM12874_hg19	0.0	4.31370838724	6.3625887649	11.5592560729	0.0	1.04993498825	-3.49449207842	-0.0	-0.0	-0.0	-0.0	-0.0
THAP1_K562_hg19	2.23744244034	0.0	0.0	8.80891123126	0.0	0.0556464640822	-2.34284024311	-6.74467529213	-4.44834710677	-7.12048700703	-6.96493332052	-2.11788528134
CTCF_G1E-ER4_mm9	4.13230990858	3.32658401248	1.35491331019	21.0788340024	0.608970246503	0.814835410798	-0.0	-0.0	-0.862875211057	-0.0	-1.21412883528	-0.0
SP1_A549_hg19	2.60517649258	0.0	0.0	4.27359054091	1.83805768256	0.369395830895	-2.55811230882	-11.3632263746	-7.46345119645	-41.0925897962	-22.8087383867	-41.08043023
CCNT2_K562_hg19	7.81653527154	1.12338609191	4.03008131539	0.0558766466017	3.47347789879	10.5109985532	-0.0	-0.0	-0.0	-12.9864507372	-3.28771306042	-7.7271688123
EP300_H1-hESC_hg19	8.44819858572	0.0	2.41761649318	0.0	1.18444163537	12.3934729097	-6.12652806426	-11.4913497086	-1.31042042097	-8.70768302111	-1.01613266218	-0.973273531946
SPI1_K562_hg19	14.0712103069	0.0	0.706003349073	11.3565412872	5.55701104903	10.0729471496	-0.0	-11.9206102194	-0.0	-0.0	-0.0	-0.0
CHD7_K562_hg19	9.17043979284	0.0	0.0	0.0	0.348992200705	13.6689965255	-38.6816816063	-31.068219554	-35.981838808	-31.0756922648	-24.9771541562	-33.8703776772
ETS1_CH12.LX_mm9	11.155375786	1.58510547588	4.45960979966	16.2850491342	2.24690210268	8.33434495315	-0.0	-0.0	-0.0	-0.0	-0.0	-0.0
SPI1_GM12878_hg19	12.6615282932	1.01731899038	0.819103987827	5.10688632541	19.8300572357	0.0	-2.24636494834	-0.0	-0.0	-0.0	-0.0	-0.0
FOS_K562_hg19	4.73163801187	2.80925515136	0.0	5.71173696323	2.66070636414	4.04602947757	-10.1462140489	-30.7739524744	-87.5651329838	-110.474693371	-141.919047107	-133.856524453
CEBPB_C2C12_mm9	7.54549943253	3.87346842642	10.1126377171	13.669809797	8.57913266162	1.69907949431	-1.1964957593	-0.0	-0.0	-0.0	-15.7800580675	-7.03251976397
MAX_CH12.LX_mm9	0.327213557979	0.0	9.83154183096	0.631233408652	0.55825472397	1.80790109127	-4.53670133967	-29.667874045	-28.0528611819	-37.0406573094	-28.0348261289	-21.9413875253
POLR2A_MCF 10A_hg19	4.82215194354	15.6829445225	6.49219826712	23.7837671629	8.30582743892	3.0016028072	-0.0	-17.3327260581	-18.0262602944	-0.465055380644	-12.950273724	-4.97290710352
MAX_HeLa-S3_hg19	18.1952034535	1.33771850131	0.35422169118	20.031735738	5.74480967708	10.9964776404	-27.525640689	-100.556224461	-75.7890787071	-77.0057041942	-84.1732174986	-85.6437716104
SIN3A_GM12878_hg19	8.21511490715	0.0	0.457376735164	0.368925555749	0.0	11.1667655101	-16.7569774095	-5.94634465726	-42.7049832233	-30.01084629	-39.4889141579	-37.3503180749
RAD21_HCT116_hg19	8.38679680922	0.899210619544	1.87470704088	3.43951070399	8.20584239354	3.56317653902	-0.0	-0.0	-0.0	-0.0	-0.0	-0.0
CTCF_NB4_hg19	0.0	1.45829218442	0.0	1.43253171289	0.0	0.619586495925	-0.0	-0.0	-0.0	-0.0	-0.0	-0.0
MYOG_myocyte_mm9	11.1120792774	3.65198678656	2.51741113361	17.4733723851	5.8961222572	4.59926738695	-0.0	-0.0	-0.0	-0.0	-0.0	-0.0
ZNF143_HeLa-S3_hg19	8.04369166055	3.00105861422	9.65816492084	12.0483291762	1.06062518145	7.97491940915	-12.2110525122	-11.159330107	-5.18870426894	-7.65711003438	-13.7641043304	-9.68827828991
STAT3_MCF 10A_hg19	9.86551992108	1.1375141173	2.6731928639	8.42471453149	11.646555061	0.0	-30.6862801939	-36.4673463189	-20.6834461315	-17.4159959356	-8.44708676944	-29.4827428084
SIN3A_Panc1_hg19	12.6274828284	0.0	2.10866260272	0.0	0.0	16.7785549833	-17.2199156934	-29.9202636417	-63.029440984	-75.7486670014	-71.4596971569	-79.7131141756
E2F4_K562_hg19	8.22006406317	0.542712928455	0.0	7.26942577541	0.0	7.34307686391	-8.12862013653	-73.1456708197	-56.4331130423	-76.8687872576	-87.4970727307	-107.060097384
CTCF_fibroblast of the aortic adventitia_hg19	0.0	5.32211682994	5.43570530395	5.70596823609	0.0	2.17825727261	-3.79519692315	-0.0	-0.0	-0.0	-0.0	-0.0
HMGN3_K562_hg19	2.5727605964	0.0	1.01489161511	4.51289597893	0.580610384649	0.351964345228	-2.58701177937	-1.70942596491	-0.0	-0.0	-0.0	-0.0
E2F4_MCF 10A_hg19	4.72610226148	8.63666994025	0.318228628304	15.0890731185	3.84581412964	1.53061834297	-1.21655887208	-0.0	-0.0	-0.0	-0.0	-0.0
MAZ_GM12878_hg19	0.00718183389937	7.49923275425	0.382729523363	0.0	3.51718419538	2.93979416784	-1.97595094052	-0.0	-2.33862048534	-0.684625425912	-0.0	-0.0
NFYB_K562_hg19	2.48668739464	8.21405049804	0.0	0.0	0.346218615601	9.08463594126	-19.3478323731	-22.4159108862	-59.4033834776	-73.7199541185	-98.3820602382	-112.011583206
MXI1_HepG2_hg19	9.26350302598	1.82294451082	0.0	2.86677223262	0.0	10.8836441273	-5.60946723022	-1.38733980732	-8.81765488026	-17.4369795455	-6.91680545215	-14.3286353192
MAZ_K562_hg19	9.22226619083	3.97003572648	0.0	0.0	5.70999199898	9.2375650505	-0.0	-9.56686642995	-1.31125788845	-0.0	-3.78780796779	-0.0
MXI1_HeLa-S3_hg19	1.66245622655	3.81878664637	0.0	3.00029141435	3.57259840708	0.36921345326	-6.41229708974	-11.4490302693	-2.80451498975	-10.1107737553	-0.703844732589	-3.28472201197
CEBPB_K562_hg19	7.25358275026	0.683637976479	1.6549808986	0.800134986773	0.622595943807	8.05674804173	-9.32516035516	-36.9795049187	-23.4426650275	-13.7366589406	-13.8000194027	-13.6805771674
SPI1_HL-60_hg19	9.42663497865	0.0	3.70388833323	0.0177078540833	12.1199650277	0.0740058192664	-7.88056541887	-0.0	-0.0	-0.0	-0.0	-0.0
POLR2AphosphoS5_HCT116_hg19	4.93664381468	6.94962817638	9.8335023202	0.224878327157	0.0	11.8153765957	-1.85300387529	-3.88517235098	-0.0	-0.0	-1.19331524931	-0.0
POLR2A_limb_mm9	4.38404022275	5.37391363192	3.87039976525	2.08730724172	9.60426768977	0.0	-7.81880646745	-0.0	-0.0	-0.0	-0.0	-0.0
SAP30_K562_hg19	5.85579543553	2.2393495088	4.26859055308	0.562936375008	0.134294148387	8.11213599893	-0.0	-0.868644018065	-3.26349833487	-0.0	-0.0	-0.0
CTCF_kidney_mm9	0.0	5.4536754859	6.52692365486	3.73850964752	2.68510712494	0.0	-0.0	-0.0	-0.0	-0.0	-0.0	-0.0
PML_MCF-7_hg19	6.92626613247	0.0	5.59624719335	0.755487873722	1.66382059713	6.29116077849	-2.74960798419	-0.0	-4.76010049453	-0.734563660604	-0.0	-0.0
RCOR1_IMR-90_hg19	2.38776887231	5.60802446216	6.66217040584	10.4205486066	1.70684738994	0.0	-0.0	-0.0	-0.0	-0.0	-0.0	-0.0
POLR2A_lung_mm9	6.1478205498	4.16497968047	0.0	0.0	10.3340343003	0.0	-0.0	-0.0	-0.0	-0.0	-0.0	-0.0
CTCF_H1-hESC_hg19	0.0	7.01383269916	2.81182157003	7.38650913542	0.64289688662	0.0	-0.0	-0.0	-0.0	-0.0	-0.0	-0.0
HDAC6_H1-hESC_hg19	5.90750469293	0.0	2.28610192501	0.0	0.0	6.0512158857	-8.26967976143	-29.0265522263	-39.3813254044	-13.9866357427	-2.51926595352	-12.8134427442
SIN3A_MEL cell line_mm9	12.2264620289	7.79715454821	4.32756105458	9.06985261721	1.84351470067	14.0007364962	-0.0	-31.6256449669	-11.3061359045	-27.4512944429	-25.2369778575	-37.2285351751
HCFC1_K562_hg19	2.77072973352	0.0	1.67660246671	2.45993637018	0.0	1.70951336908	-5.69094248083	-13.2457300767	-0.0	-0.0	-4.15026317636	-0.815944859038
POLR2A_IMR-90_hg19	8.75563823692	2.74902567508	0.0	6.6277647005	0.278987568065	7.25764238989	-2.11978533658	-0.0	-21.3134409474	-1.22339354848	-10.2080574776	-17.6667964621
REST_K562_hg19	11.2559542484	0.0	0.0	4.78206689146	2.07190601239	6.71708485762	-0.0	-19.5443565357	-23.0432072541	-21.6011717502	-20.0190483002	-24.0483084756
CTCF_embryonic fibroblast_mm9	0.0	3.97857672164	9.62196426538	3.08964645024	0.153497062392	0.0	-0.0	-0.0	-0.0	-0.0	-0.0	-0.0
HA-E2F1_HeLa-S3_hg19	5.66143977712	0.0	3.11488077688	5.29798504053	3.44507882056	0.0	-23.8293581754	-34.5309872394	-59.3899809299	-84.8878255461	-78.398651137	-82.9336192813
SREBF1_HepG2_hg19	8.82639545842	0.0	1.15621098563	4.51738733259	6.82986084265	0.123924780739	-0.0	-0.0	-0.0	-0.0	-0.0	-0.0
RCOR1_HeLa-S3_hg19	10.0701139601	5.39982445654	3.46767320319	16.1542363077	2.0717080111	3.49627436458	-13.2797826694	-14.7190370852	-6.47468645547	-11.2447373266	-17.5175517679	-3.76980902287
SMC3_K562_hg19	0.910884017488	2.11427484399	3.67672829694	3.17072701085	0.0	0.637085702062	-1.54288347107	-3.80544991918	-0.127716243598	-7.26140145603	-8.32680338873	-2.15133827292
ZNF217_MCF-7_hg19	0.881072513481	12.9287477337	7.40121070428	0.0341286065504	7.50745465689	2.53617523904	-0.0	-0.0	-0.0	-0.0	-0.0	-0.0
POLR2A_MCF-7_hg19	11.6281443601	9.47278218815	8.76099384828	9.04666401509	12.0612195802	8.63918687149	-2.08351795297	-18.964448699	-24.727672349	-5.10377433131	-24.6137935999	-10.7401267316
EP300_CH12.LX_mm9	6.44312989863	5.24593629067	10.1438690001	5.10924806743	9.67118818914	0.0	-0.0	-0.0	-0.0	-0.0	-0.0	-0.0
HA-E2F1_MCF-7_hg19	3.98536137622	0.0	3.68686917648	1.68193534839	2.89115872203	0.807059307333	-0.0	-27.5437613899	-33.5159460687	-42.6228618877	-54.8029132286	-53.2122390755
POLR2AphosphoS5_PFSK-1_hg19	7.48642906074	3.79644625544	0.131998489878	6.65769977925	4.91446995572	2.06392430221	-0.0	-1.81450351106	-8.55000919066	-0.0	-3.86898576287	-0.0
RAD21_K562_hg19	11.879185083	1.84290107744	1.39738687828	10.0654661565	0.0	5.38517781187	-0.0	-0.0	-0.0	-0.0	-0.0	-0.0
TFAP2A_HeLa-S3_hg19	21.5618436288	7.52370154153	6.67539304886	21.703635703	12.2772402215	3.05221571764	-0.0	-0.0	-0.0	-0.0	-0.0	-0.0
GATA2_K562_hg19	7.14209053932	5.7151457919	2.30500013349	0.0	10.1726785376	0.0	-3.0713820259	-0.0	-0.0	-0.0	-0.0	-0.0
MAFK_HeLa-S3_hg19	4.54388764306	16.3858557176	4.82442669927	3.68953184102	11.3086940779	1.13947391541	-0.460646223787	-0.0	-0.0	-9.01832509606	-3.28579138268	-22.8863501425
MAZ_MEL cell line_mm9	0.737452360475	6.29478142107	6.44781055537	5.28883723211	0.0	0.0	-0.0	-0.0	-0.0	-0.0	-0.0	-0.0
ZBTB7A_HepG2_hg19	3.15123726286	7.1828535922	0.152265068664	8.24952323857	0.85200538705	0.0	-0.0	-0.0	-0.0	-0.0	-0.0	-0.0
JUND_K562_hg19	0.0	8.04908606861	0.0	2.05704565812	0.632164353582	0.802201907059	-8.99498177571	-30.204994594	-19.2102045959	-0.0	-1.21922542001	-4.92406706258
POLR2A_ECC-1_hg19	2.58073983322	9.78195564412	8.61342862169	5.30384194633	4.03798932219	2.42925229602	-0.109413600056	-1.45726383065	-5.56948435893	-0.0	-0.987993593383	-0.0
SPI1_GM12891_hg19	8.79320151723	1.2896295169	0.929971807833	0.327034213655	7.31237955348	0.339995489379	-0.0	-0.0	-0.0	-0.0	-0.0	-0.0
CTCFL_K562_hg19	5.23154507633	3.3739339146	0.0	7.74500624197	0.0	0.868734603533	-0.0	-0.0	-0.0	-0.0	-0.0	-0.0
CTCF_GM10266_hg19	0.192623250599	7.78034938689	1.0152967151	4.31206113306	0.0	0.0	-0.0	-0.0	-0.0	-0.0	-0.0	-0.0
EP300_HeLa-S3_hg19	11.6931245077	13.1592654837	8.86446919433	17.2518308509	8.01832912848	6.04784110802	-0.0	-0.0	-0.0	-0.0	-0.0	-0.0
RAD21_MEL cell line_mm9	5.48356669279	0.479920955668	1.94578108249	6.0394352738	0.0	0.0	-0.0	-0.0	-0.0	-0.0	-0.0	-0.0
POLR2A_GM15510_hg19	7.14798032134	0.0	0.0	0.0	3.91620055797	0.71391849961	-8.99833322637	-18.8424416091	-43.3094267426	-21.4131336573	-16.1978032471	-27.2378061173
CHD4_K562_hg19	15.5256547789	6.5453510031	3.05954975485	1.67114620826	8.82035185598	9.3349296347	-6.22332257689	-0.0	-3.83527564814	-2.812966675	-1.21773210745	-0.836259362126
ETS1_K562_hg19	9.88183604168	1.86112856062	2.18638470164	4.95138228731	1.68109239807	5.11040498203	-28.546139042	-1.73069667946	-22.6265433449	-2.05220033216	-10.5179031015	-6.24655528461
EGR1_K562_hg19	11.2914458361	5.82918377738	8.71217615711	10.6828678018	9.09213437675	0.565580468098	-12.6472765982	-0.0	-9.62574588293	-0.0	-0.0	-0.0
CTCF_WI38_hg19	9.58464288445	11.7753981925	1.00557276208	6.28709864497	0.661988318381	9.89580113122	-0.0	-0.0	-0.701805536932	-0.0	-0.0	-0.0
MAX_NB4_hg19	3.63510998612	8.46712664973	0.479959253038	5.63599587979	3.37633034891	0.261918865328	-21.9175674542	-41.2524451957	-33.7920193794	-24.3448969605	-20.1595502104	-9.52060699351
NFYB_HeLa-S3_hg19	9.14510609686	10.4214257535	0.0	5.36588982132	8.97984452608	1.26421824644	-24.5050528972	-35.3162455609	-63.4099376373	-80.8971108266	-106.470581463	-126.744242787
POLR2A_small intestine_mm9	5.39422433236	4.58569031894	5.49008805944	0.0	6.26457128673	0.0	-0.0	-0.0	-0.0	-0.0	-0.0	-0.0
POLR2A_NB4_hg19	10.4310410742	2.12152315959	0.0	2.55035483392	5.63326219386	0.19112257393	-30.8956387124	-58.0957677101	-44.066218669	-31.9310273098	-38.7883779215	-34.0937544468
CEBPB_H1-hESC_hg19	5.67072831469	0.0	0.0	0.0	0.427076216749	1.66673462663	-5.90520894224	-10.9578076603	-0.0	-4.28214595951	-0.0	-0.0
TBP_GM12878_hg19	6.98515512571	1.12432903821	0.0	4.11014021555	1.19942691973	0.0	-8.63125266356	-4.05949586177	-9.10889000914	-1.06552488747	-0.0	-2.90403763408
ELK1_HeLa-S3_hg19	10.0914754701	0.0	0.373732250945	4.06515522094	0.0	0.0	-9.89010991393	-22.8072040581	-10.1000586334	-28.771157193	-11.1066691106	-23.1186614212
GATA1_MEL cell line_mm9	6.67729490015	0.0	1.90482589003	0.0	0.0	1.78622520708	-5.94402679099	-4.13293760493	-18.4918548897	-20.1593377954	-22.5346704181	-29.9107807673
TBP_HeLa-S3_hg19	9.88017830108	0.0	0.0	2.26080079942	0.329560500958	0.0	-0.310184701042	-22.0430995909	-12.4476600521	-7.04160581424	-19.2287889583	-15.2971506368
HDAC2_H1-hESC_hg19	8.90996050558	2.31963006494	4.98756720542	7.0207766298	0.0	0.0	-0.0	-0.0	-0.340771750113	-0.0	-0.0	-0.0
NR3C1_ECC-1_hg19	15.3455528307	5.90963987208	0.421057441216	0.187541014547	8.10146194841	0.0	-0.0	-0.0	-0.0	-0.0	-0.0	-0.0
GABPA_HL-60_hg19	4.00914914856	0.0	0.0	0.692196432078	0.0	0.0	-33.1190166128	-36.3360776388	-21.0811552843	-6.43369173484	-4.26411276065	-14.9666090994
BRCA1_HepG2_hg19	8.64671405709	0.0	2.07672279172	1.88057168888	0.0	0.632534564925	-10.7101329137	-6.47747681828	-27.2126030701	-15.7166922039	-33.7381437995	-23.5236039387
RAD21_IMR-90_hg19	6.72893693492	2.75131072271	2.282677314	0.0	0.0	3.81026913819	-0.0	-0.0	-0.0	-0.0	-0.0	-0.0
MAZ_HeLa-S3_hg19	9.27214029039	1.82192663159	0.0	3.77316947689	1.02381446843	0.0	-0.0	-2.46127754472	-2.0888383165	-7.53233732494	-6.0446720462	-2.77860068563
CHD1_H1-hESC_hg19	8.90539493981	0.0	6.0265574309	0.0	0.0	0.31761597324	-6.00141753922	-7.16661510079	-7.01143931279	-0.0	-3.43916926102	-2.61014526432
POLR2AphosphoS2_HeLa-S3_hg19	15.3715498881	0.0	4.12989397153	1.13522007575	0.0	0.0	-8.06007660079	-5.09114120914	-0.0	-0.0	-14.7375321125	-2.60228495525
TBP_K562_hg19	20.3637369099	8.28534101537	2.94975789037	1.25696721273	5.36162190786	5.65204673168	-13.2849270142	-24.7291861373	-0.0	-0.0	-0.0	-1.06177856705
POLR2AphosphoS5_HL-60_hg19	10.9544290616	5.70051892718	2.81679663866	0.0	0.76242052491	4.29837275157	-16.7204498947	-55.9959542955	-30.3391464494	-12.2651748999	-19.8406560074	-11.6633935034
HDAC1_K562_hg19	6.85202841494	2.72761271939	0.0	2.41475970131	0.0333038828535	0.0	-0.0	-1.96184931938	-0.0	-0.0	-3.74008588358	-0.0
CEBPB_A549_hg19	8.45585574201	9.4933677422	10.0402734447	6.16451775174	5.28678584036	5.03896713214	-4.50583586201	-12.8413940366	-6.229139648	-6.87849015743	-17.3052738568	-0.0
SMC3_HeLa-S3_hg19	9.64766320347	3.86931870361	1.05460203471	3.29937689369	0.0	0.0	-0.0	-1.92418854118	-0.0	-3.67403372614	-1.21486217929	-9.44116183015
STAT1_HeLa-S3_hg19	8.99719604479	7.10834582444	0.0575039092589	0.0	0.338794951743	1.50822742329	-0.0	-0.0	-0.0	-0.0	-0.0	-0.0
BHLHE40_HepG2_hg19	7.75760738022	7.35523643494	0.0	0.0	0.641063097313	0.0	-9.33136064483	-11.6275939985	-4.59623100767	-5.22068201342	-0.0	-1.8000053565
FOXM1_MCF-7_hg19	0.0	0.0	0.0	0.0	0.0	0.0	-0.353047430578	-24.3687182994	-69.3349759687	-125.041524792	-135.687134454	-159.86170469
FOXM1_ECC-1_hg19	0.376299221453	0.848701762429	0.0	0.0	0.0	0.0	-37.3480750316	-70.8249060549	-155.250778966	-272.267348239	-323.648423749	-299.938906047
E2F4_CH12.LX_mm9	0.0	0.0	0.0	0.0	0.0	0.0	-49.0982346213	-138.70872846	-176.24880316	-269.218870182	-327.089738742	-372.405320549
E2F4_HeLa-S3_hg19	0.0	0.0	0.0	0.0	0.0	0.0	-94.1800334033	-202.397941916	-335.11977593	-445.03413419	-643.738582364	-591.256026242
FOS_GM12878_hg19	0.0	3.27166612824	0.0	7.93808269944	1.04929818991	0.0	-0.0	-17.9405526767	-53.9536304433	-68.176409087	-99.1966043458	-84.9263421838
SIN3A_MCF-7_hg19	0.0	0.0	0.0	0.0	0.0	11.9430740321	-27.3633779153	-59.068527022	-67.2210687951	-105.280090125	-137.253789841	-136.063063217
NFYA_K562_hg19	0.0	4.23579305645	0.0	0.0	0.0	0.0	-24.7681151186	-25.6649077462	-77.0581020962	-92.2113031439	-124.018424397	-145.082048623
SETDB1_U2OS_hg19	0.0	0.207459700699	0.0	0.0	0.0	2.4585681803	-37.7795864741	-48.8225615264	-83.6062073952	-88.4910550147	-113.348967602	-102.819161921
E2F4_GM12878_hg19	0.0	0.0	0.0	0.0	0.0	0.0	-44.4874433146	-128.528339861	-134.959938392	-204.270402072	-239.545956774	-267.408573144
E2F6_A549_hg19	0.0867379488521	0.0	0.0	0.0	0.0	0.0	-34.1909708766	-42.7631691954	-61.9253023489	-66.7129900574	-72.1677365415	-89.6671239001
SIN3A_SK-N-SH_hg19	8.13625770765	0.0	1.01792436655	0.0	0.521789923482	0.0	-1.66348857317	-1.02041222905	-18.459103235	-45.1230128077	-63.1698964145	-78.125116973
SIN3A_HepG2_hg19	0.0	0.0	0.0	0.0	0.0	4.58400250831	-23.3582404754	-24.1999311023	-38.5460952903	-56.6012648234	-59.266275613	-77.4297538961
FLI1_megakaryocyte_mm9	0.0	0.0	0.0	0.0	0.0	0.0	-34.0697633263	-65.1479189157	-85.0500363893	-100.986540863	-134.088688056	-162.577366905
KAT2A_HeLa-S3_hg19	2.33352370822	1.73388933357	0.0	3.74230294847	0.0	0.0	-7.72770492132	-22.6000803584	-35.8048545097	-52.1327179268	-51.7822136925	-77.3613653115
E2F1_HeLa-S3_hg19	0.0	0.0	0.227700785957	2.19440894314	0.967441677761	0.0	-47.6367499178	-60.0159728817	-74.0054249661	-128.316437724	-164.314019986	-140.000948605
E2F4_MEL cell line_mm9	0.0	0.0	0.0	0.0	0.0	0.0	-54.4249335127	-100.237468597	-121.409709525	-181.258543416	-291.816790585	-290.861314682
SP2_HepG2_hg19	0.0	0.0	0.0	3.31368566736	0.0	0.0	-0.0	-0.0	-16.9843010577	-17.2520715193	-34.6741637514	-39.9126335509
SP1_H1-hESC_hg19	0.0	0.223839429467	0.0	2.02571499409	0.0	0.0	-20.1994373572	-18.4992487859	-56.3250442654	-55.3386203477	-62.9737184565	-78.0559912773
KAT2A_GM12878_hg19	0.0	0.0	0.0	0.0	0.0	0.0	-0.0	-9.67988884017	-20.4808217398	-22.6171493026	-31.205900273	-45.5496058079
SIN3A_HCT116_hg19	0.0	0.0	0.520752706599	4.16888378641	0.0	0.0	-0.0	-8.72746633558	-16.3544584261	-69.88072226	-58.3566108416	-70.529760376
MXI1_IMR-90_hg19	0.0	0.0	0.0	0.0	6.92406100625	0.0	-6.84578097865	-20.6920737676	-27.7112757817	-32.5115985339	-46.3088045481	-59.4869446651
FOXM1_GM12878_hg19	0.0	0.0	0.0	0.0	0.0	2.0375664489	-25.2828103154	-44.6307709046	-40.7851354623	-87.4353838548	-89.6734939299	-110.379381049
E2F4_myocyte_mm9	0.0	0.0	0.0	0.0	0.0	0.0	-40.3679072265	-110.848575155	-93.9759023456	-156.976692521	-177.584860762	-201.287043781
E2F6_H1-hESC_hg19	0.0	0.657523497371	0.0	0.0	0.523419793898	0.0	-13.9902617561	-25.2074978587	-70.167689361	-82.9850240609	-73.9187929349	-81.0106756595
E2F6_HeLa-S3_hg19	0.0	0.0	0.0	0.0	0.0	0.0	-4.1887435006	-4.6739904346	-15.6399819829	-29.4092177033	-41.4586011137	-59.8523135705
CREB1_A549_hg19	0.0	0.0	0.0	0.0	0.285561654648	0.0	-2.47459227682	-1.2053093237	-5.26055890762	-5.80023417535	-10.1553834631	-9.82794805233
KAT2A_CH12.LX_mm9	0.0	0.0	0.0	0.0	0.0	0.0	-2.96681612887	-6.37738224217	-16.1523623178	-20.881086387	-16.2233392875	-22.1090071787
CHD2_CH12.LX_mm9	0.0	0.0	0.0	5.2304228987	0.493173254955	0.0	-10.0489884711	-7.36739143036	-31.0036286808	-37.1811069303	-32.6670737224	-46.8799698929
HDAC2_MCF-7_hg19	0.0	0.0	2.75415700724	0.0	0.0	13.8764804182	-0.0	-0.0	-0.0	-5.48693209278	-6.43458790654	-5.98166613716
MYC_CH12.LX_mm9	0.0	0.0	0.0	0.0	0.0	0.0	-15.952737408	-41.8975663915	-50.2998467309	-59.7961805731	-64.6513014915	-57.5682151196
SIN3A_PFSK-1_hg19	5.28790210429	0.0	0.0	0.0	0.0	0.0	-10.90708418	-46.4895463245	-47.5065529175	-51.9447534438	-85.5583701854	-103.276306045
IRF3_HepG2_hg19	0.0	0.0	0.0	0.601119805334	0.0	0.0	-0.0	-0.732611389322	-3.37805049738	-24.3383255713	-52.8286517568	-38.335835323
MXI1_H1-hESC_hg19	0.0	1.35323414852	0.466720462024	0.0	0.0	0.124162107178	-0.0	-5.69635956649	-5.57687067865	-13.1924537044	-33.7538852173	-26.2268462629
FOS_HeLa-S3_hg19	0.0	0.0	0.0	1.73741297067	0.0	0.0	-0.0	-0.0	-10.5461902775	-6.19370724789	-22.3431609621	-25.5724134377
STAT3_GM12878_hg19	10.470111963	0.0	0.0	0.0	0.0	0.0	-4.39379752581	-1.81528996312	-2.68229869909	-18.004937584	-16.2938874868	-21.8778675633
HCFC1_CH12.LX_mm9	5.27629455633	5.30690287355	3.0544823619	0.0	1.69684288048	0.0	-0.0	-0.0	-0.479982854698	-6.58191050929	-16.548840539	-12.6886901202
POLR2A_HGPS cell_hg19	4.42817441166	0.0	4.64300852674	0.0	0.345924015405	11.5793530091	-0.0	-0.0	-4.99897996379	-4.04862781694	-15.0803012932	-11.7315321097
SIN3A_A549_hg19	1.11092935679	0.0	0.0	0.0	0.0	0.0	-36.0090719943	-55.7125999323	-60.1251584506	-61.6589341461	-64.010282599	-83.2566363461
MAX_H1-hESC_hg19	1.72191164075	2.09890240091	0.0	0.0	0.0	0.0	-10.5042582551	-38.7203825548	-48.9931624398	-46.3716812396	-56.9689241627	-88.2324339698
CHD1_CH12.LX_mm9	0.0	0.0	0.0	0.0	3.94488207254	12.5960864038	-0.0	-4.65147714651	-0.0	-23.0522698982	-18.9817565632	-34.8837222126
POLR2AphosphoS5_G1E-ER4_mm9	0.0	0.0	0.0	0.0	0.0	0.0	-0.0	-16.8331908157	-10.6095634393	-24.383669984	-22.1620055722	-40.8079377441
YY1_HepG2_hg19	0.0	0.0	0.0	0.0	0.0	5.72677481026	-3.39708853931	-4.51487250351	-3.68409943258	-19.2525993061	-12.98934151	-25.1228560495
MYBL2_HepG2_hg19	0.0	0.0	0.0	0.0	0.0	0.0	-23.3749024204	-27.9163215151	-19.4169756266	-54.9457553694	-57.1762693702	-49.8782827389
POLR2A_ES-Bruce4_mm9	0.0	0.0	0.0	0.0	3.07874912209	0.846450107612	-16.6906951416	-17.9476508291	-42.3240692407	-60.9090425923	-67.5896056415	-39.6985047447
ZBTB33_GM12878_hg19	0.0	0.0	0.0	0.0	0.0	0.0	-0.0	-8.2262570009	-7.8223430977	-10.2666637084	-12.0269678588	-23.2416337901
SP2_H1-hESC_hg19	0.0	2.74929360334	0.0	2.12931094964	0.0	0.0	-0.0	-0.0	-0.419985672629	-1.81250938681	-8.5214888037	-9.89271969464
HCFC1_ES-E14_mm9	0.11618656763	0.0	6.81355934833	0.0	0.0	0.0	-2.31902511651	-4.7042346349	-11.3318136157	-6.77796364869	-13.7250822503	-21.304332306
ZBTB33_HepG2_hg19	0.834195311976	0.0	0.0	0.0	0.0	0.0	-0.0	-3.90896987878	-6.3765176537	-5.01926300563	-12.732344506	-22.6911211744
GTF3C2_HeLa-S3_hg19	5.82183601879	4.62184067848	2.83479067178	0.0	0.0	0.0	-0.0	-26.8959360468	-19.5375131842	-30.523597229	-35.9333631468	-30.6448630327
SP1_GM12878_hg19	3.42895414397	0.0	0.0	0.0	0.0	0.0	-8.14375048879	-7.08976682826	-13.1199506565	-15.4435464561	-28.5759822882	-50.0750170058
USF2_H1-hESC_hg19	0.0	0.0	0.0	0.0	0.0	0.0	-5.40749206322	-0.0	-28.9413164153	-35.1056494118	-40.0622943003	-20.7876628421
YY1_GM12878_hg19	1.67164447163	0.0	0.0	0.0	0.0	0.0	-4.40823996792	-10.5253606583	-3.00424556193	-14.250132472	-21.187914722	-17.5427153623
MAFK_H1-hESC_hg19	0.259965711515	0.0	0.0	0.0	1.27462868058	0.0	-0.0	-0.0	-0.0	-1.57229787641	-3.32174932335	-1.36467447175
RXRA_GM12878_hg19	0.79868100916	0.0	0.0	0.0	0.180109749629	0.0	-0.0	-0.0	-0.0	-0.0	-2.56550725369	-2.95357115548
EZH2_K562_hg19	2.99363234982	0.0	1.78084658361	0.0	0.0	0.0	-0.0	-0.0	-0.0	-0.0	-3.1554014948	-3.65117801988
NR2F2_K562_hg19	3.23156754789	0.0	0.0	0.0	0.0	0.0	-0.0	-15.3313754529	-13.0505510609	-10.6313956344	-18.2365001475	-19.3787465434
MYC_endothelial cell of umbilical vein_hg19	0.0	5.8397413973	0.396739551685	16.6805459169	0.164400938202	0.0	-10.9093919821	-4.92483534797	-0.854848609265	-12.0249164096	-29.838291481	-39.4868759765
RFX5_GM12878_hg19	2.80090402344	0.0	0.0	0.0	0.0	0.0	-4.19399508601	-10.3011146495	-1.75070854724	-8.71992432277	-23.4332499068	-19.4164579531
TEAD4_K562_hg19	0.496953174756	0.0	0.0	0.0	0.0	0.0	-2.39428494069	-25.6026372698	-5.09049395443	-26.9188787424	-34.4638527511	-29.2137438257
eGFP-JUND_K562_hg19	0.0	0.578437385106	1.47721266828	0.0	4.40486696216	0.0	-0.0	-3.76079980769	-1.32989209493	-1.85453560112	-8.81464689225	-6.42702373299
eGFP-HDAC8_K562_hg19	4.85787906061	0.0	0.485888510408	0.0	0.0	0.0	-4.62077401506	-11.8962443365	-2.77307188357	-10.5038351092	-16.7425844346	-22.2362425156
WRNIP1_GM12878_hg19	0.0	0.0	0.0	0.0	0.0	0.0	-11.7628610445	-11.5691770629	-11.0106345465	-7.99572959327	-42.7790868703	-43.0339451471
ZBTB33_SK-N-SH_hg19	3.13458991975	0.0	0.0	0.0	0.0	0.0	-5.73278693071	-19.306748521	-21.9276106348	-13.6476497053	-22.1256075052	-32.1281076931
RFX5_SK-N-SH_hg19	0.0	3.07917499579	0.817087125809	8.6080324328	2.88594013	0.0	-0.0	-0.0	-0.0	-0.871066015832	-1.45131200327	-0.295898836891
CREB1_HepG2_hg19	5.01897219208	0.0	0.0	0.0	0.0	0.0	-0.0	-32.9964359741	-33.6422102264	-20.5647870499	-35.9719397946	-46.7127985169
MAFK_CH12.LX_mm9	2.20990250333	4.47884675634	2.75411665436	0.0	8.70265911582	0.0	-0.0	-0.0	-0.0	-0.0	-2.62296888416	-1.37545617003
TAL1_G1E_mm9	0.0	0.1970837498	0.0	0.0	6.65214492881	0.0	-0.0	-0.0	-0.0	-11.4932986887	-2.39196979495	-8.91537357994
PBX3_GM12878_hg19	0.0	2.04183459077	0.0	9.11239076572	0.0	0.0	-0.0	-0.0	-0.408394515886	-0.0	-12.3361896381	-6.18332330827
CREB1_GM12878_hg19	0.0	0.0	0.0	1.5801613348	0.0	1.03601927407	-0.0	-0.0	-0.0	-0.216987323776	-0.963149702508	-3.23343661422
KDM5A_H1-hESC_hg19	0.0	0.0	0.0	0.0	0.0	0.0	-20.3428270856	-6.17753816277	-51.9630420724	-44.0648017354	-41.6860324636	-37.3862399613
GTF2F1_H1-hESC_hg19	1.69458094924	0.187095850841	0.0	0.0	0.0	0.0	-2.65552985531	-0.862548900285	-1.69902265001	-2.43895399358	-10.0496573197	-5.61192703198
MXI1_MEL cell line_mm9	1.50459163744	0.0	0.0	0.0	1.75147669314	1.40224979762	-0.0	-16.6615252656	-6.43105122419	-30.3058045747	-14.9234387191	-22.3792672576
CHD2_HeLa-S3_hg19	2.7227505568	0.567733873622	2.26405590808	10.4857642761	0.0	0.0	-4.06785538108	-36.1864329957	-35.8751097438	-35.8981132705	-33.8498996655	-36.3861043621
ZNF384_MEL cell line_mm9	0.0	0.0	9.03684512473	0.0	0.0	0.0	-0.849328355835	-0.0	-0.0	-0.0	-6.58918738618	-3.98321542841
NRF1_HepG2_hg19	0.0	3.31175078084	0.0	0.0	0.0	0.0	-23.9076736215	-11.0999726928	-39.4030067548	-26.7093393415	-36.3650446352	-33.5672148774
ATF3_H1-hESC_hg19	0.0	0.0	0.0	5.84354410069	0.0	0.0	-0.0	-0.0	-0.735738992827	-4.88251754849	-0.0	-4.84307708345
POLR3A_HeLa-S3_hg19	0.0	0.214413782857	0.0	0.0	0.0	0.0	-0.0	-0.0	-2.77839480659	-0.353049022501	-12.9726317783	-3.73394228983
TCF7L2_Panc1_hg19	0.0	1.31982645886	0.0	0.520498936933	0.0	0.339548667816	-6.4811039161	-36.739436643	-13.8230229506	-23.1122377809	-34.4980119155	-42.1820407943
MYC_HepG2_hg19	0.0	3.58509071416	2.33477355337	2.44268509293	1.57270608862	0.0	-17.6502719781	-7.13519139392	-1.91250049079	-21.5015282031	-19.8056085625	-33.1328402083
KAT2B_K562_hg19	4.79486016277	0.0	0.51916997211	0.0	0.0	12.7934713699	-36.2142715335	-54.2595520753	-25.5520589631	-44.7482578396	-61.7519581736	-73.2706278957
ZNF384_CH12.LX_mm9	0.0	0.0	0.0	0.0	1.19569939866	0.0	-1.68767954064	-0.0	-0.0	-0.0	-9.77649724468	-4.88346746187
ZNF384_ES-E14_mm9	0.0	0.220399248266	0.622887947949	0.0	0.0	0.0	-0.0	-0.0	-1.85388836877	-0.0	-13.7576331935	-3.36512930266
GATA1_erythroblast_mm9	0.0	0.0	0.0	0.0	5.06508267632	0.0	-15.3569338531	-5.36953008071	-10.3309969497	-26.3015763442	-12.652761044	-25.2577184743
MAZ_IMR-90_hg19	6.97411964265	4.57402339076	0.0	0.0	2.70811242412	0.0	-0.0	-0.0	-0.0	-0.0	-2.70901445642	-0.577605729083
ATF2_GM12878_hg19	0.0	0.0	0.0	0.0	0.0	0.0	-8.3310017874	-23.2933427219	-0.0	-11.4558860872	-30.1582950705	-37.87983276
BCLAF1_K562_hg19	0.0	0.0	0.0	0.0	0.0	0.0	-0.0	-0.0	-0.0	-0.58856439462	-0.0	-4.9537383984
CREB1_ECC-1_hg19	3.04703991569	0.0	0.0	11.9065008319	0.0	0.0	-0.0	-45.2556175685	-18.5164697078	-31.291269757	-31.4098142428	-46.5128980154
CHD2_MEL cell line_mm9	4.68453082651	0.0	0.0	0.559342547377	0.0	0.0	-0.0	-0.0	-4.39482619279	-5.0268822694	-0.864054494426	-3.2557440976
TAL1_MEL cell line_mm9	0.0	5.27779853663	2.12280484358	0.0	4.24512110569	6.7371193302	-0.0	-0.0	-0.0	-3.77758012796	-0.0	-2.34214879514
CTCF_G1E_mm9	1.19656541113	0.0	0.23389734449	0.928275509057	0.0	7.53399164544	-0.0	-0.0	-1.60638586277	-0.0	-2.29701998279	-0.802903561725
eGFP-NR4A1_K562_hg19	0.0	0.0	0.0	11.0438404143	0.231320355811	0.0	-0.0	-0.0	-0.0	-0.811784394964	-0.60450309612	-0.0
ZNF274_K562_hg19	0.0	0.0	0.0	0.0	0.0	0.0	-0.0	-0.0	-0.0	-0.0	-0.0	-1.75593334815
NELFE_K562_hg19	0.0	0.0	1.14686471599	0.0	0.0	0.0	-0.0	-0.0	-0.0	-0.0	-0.0	-0.2324166301
TAF1_ECC-1_hg19	0.0	2.81251171666	0.0	0.0	0.0	3.67362420834	-11.781192765	-16.6307445033	-30.1838296666	-27.3112720531	-27.4779258481	-16.1821581518
MYC_A549_hg19	0.0	0.0	0.0	0.0	0.0	0.0	-0.0	-22.121132261	-23.5609755393	-12.6692989351	-15.1868430451	-27.4855070791
MAX_C2C12_mm9	0.0	0.0	0.0	0.0	0.0	0.0	-5.53361328414	-61.9582173748	-27.0275209842	-42.8285216995	-44.7457717953	-54.5705525026
POLR2A_GM18505_hg19	0.0	0.0	0.0	0.0	1.99616770818	24.070960026	-2.9347974657	-8.85064205456	-7.96924003797	-4.89409669257	-21.7737261885	-7.29459581374
NRF1_H1-hESC_hg19	2.85910219496	10.7264930106	0.490043012562	0.0	2.66767830043	0.0	-8.48494566017	-10.1040443171	-20.9978539086	-18.6079467775	-18.8176308142	-10.5576999939
SIX5_H1-hESC_hg19	2.71514822747	0.0	0.0	0.0	0.0	0.0	-0.0	-1.04570326928	-16.1056009011	-0.0	-6.09232140085	-15.5327140609
WHSC1_K562_hg19	0.0	0.0	0.0	0.0	0.0	0.936943176581	-6.9986206594	-22.2527027534	-4.95141502598	-17.5112052204	-19.8809631951	-20.9231155477
RFX5_HepG2_hg19	0.0	0.607165002587	0.0	0.0	0.0	4.16837429934	-11.8018420102	-1.37210098268	-5.1729021442	-13.112984408	-3.15855582641	-35.8333059337
POLR2AphosphoS5_GM12878_hg19	0.0	1.83803178994	0.0	0.0	1.65556406933	3.51242040856	-0.0	-0.0	-0.0	-9.27450546646	-3.97189982251	-0.0600779077056
NR2C2_HeLa-S3_hg19	3.60491778317	0.0	0.0	0.0	0.0	0.0	-0.0	-0.0	-0.0	-0.0	-0.749788500574	-0.0
ZBTB33_HCT116_hg19	1.64152296383	0.0	0.13738653792	0.0	0.0	0.0	-6.95891170557	-8.12879059535	-20.4297796113	-8.12188256089	-9.48567232672	-20.4045947655
TAF1_K562_hg19	0.0	0.0	3.7062944402	0.0	0.0	0.0247303014311	-9.35022638375	-7.31808687664	-0.0	-9.39377410236	-13.0208067201	-12.2970627805
MXI1_SK-N-SH_hg19	0.277427475632	1.45338624171	0.0	0.0	4.80132511513	20.5675255665	-0.518526081822	-6.21837898964	-34.9859911672	-16.6898159297	-9.61429260839	-19.247032874
PML_GM12878_hg19	0.0	0.0	0.0183375027217	1.21272274518	0.0	0.0	-1.70590686393	-0.019555445491	-1.9315121401	-0.0	-1.94307662811	-3.64404291548
CTCF_testis_mm9	0.0	0.0	4.00438489789	0.0	0.0	2.51170841523	-0.0	-2.35230330543	-0.0	-2.59424588665	-1.81721152713	-1.39352918935
TAF1_H1-hESC_hg19	0.125242097448	5.4135762077	3.75474159895	0.0	0.0	0.0	-12.110706335	-0.0	-0.367467657584	-0.621591507856	-24.7973206871	-13.5519831594
CHD2_K562_hg19	0.0	0.0	0.0	0.0	0.0	0.0	-28.4467459585	-17.1110850935	-26.9624378827	-15.3368363198	-33.6446454228	-35.9085447138
GTF3C2_K562_hg19	6.37423578585	2.26095500138	4.03196432688	0.0	0.0	0.0	-0.0	-0.859817380147	-0.0	-0.0	-6.09018066585	-0.0
eGFP-GATA2_K562_hg19	3.50926023387	0.0	0.0	0.0	0.0	0.0101393377089	-9.81809788337	-41.5704111262	-26.6962219992	-43.2807499924	-29.0339139223	-28.2549031509
NELFE_MEL cell line_mm9	0.0	0.0	4.42675304442	0.0	0.0	0.523164151067	-4.97464727988	-4.89614274686	-25.5840149228	-5.64586149179	-8.21608543771	-20.0974826873
ATF3_HepG2_hg19	0.0	0.0	0.0	8.98376655912	0.0	0.0	-0.155335719151	-0.0	-0.0	-7.94494319289	-0.0	-1.32315342169
MAX_myocyte_mm9	0.0	0.0	0.205528869923	1.28577187842	0.0	0.0	-0.0	-17.0236912188	-1.83047545313	-12.0726714835	-4.2449239559	-18.8306663067
CTCF_CD14-positive monocyte_hg19	0.955671379864	4.1196913247	2.51364331109	6.19005649571	2.21687297043	0.0	-0.0	-0.0	-0.0	-14.7832254598	-0.628624044191	-1.35176287975
MXI1_GM12878_hg19	2.81391165919	0.0	0.0	0.0	4.72972566861	4.24605416121	-0.0	-0.45644838131	-9.20615448493	-3.28667017718	-5.68109332533	-0.988416078728
JUN_H1-hESC_hg19	0.0	4.08143096663	0.0	0.0	0.441832459415	0.0	-12.6983568118	-23.8908073132	-32.9709338767	-37.7579564154	-21.1549849618	-19.7054286929
TAF7_K562_hg19	0.0	0.0	0.0	0.0	0.0	0.0	-0.0	-0.0	-0.0	-3.83605020992	-0.0	-0.276715695231
MAX_HCT116_hg19	0.0	0.243814200279	0.0	0.0	0.0	9.51028328079	-1.36920546067	-27.5745782278	-47.7833870167	-33.2680198154	-13.8293238776	-28.2041108711
TBL1XR1_GM12878_hg19	0.0	0.0	0.392831136546	0.0	2.56472758413	0.0	-0.0	-9.57852728582	-17.871218997	-8.26470960585	-7.58319872376	-8.66838546511
POLR2AphosphoS5_H1-hESC_hg19	0.0	0.0	4.34108034661	0.0	0.0	0.0	-0.0	-0.0	-0.0	-0.701473534694	-0.0392161834068	-0.0
POLR2AphosphoS5_GM12892_hg19	1.1075709884	0.0	0.0	0.0	1.3780079579	8.91841383399	-1.9992496998	-0.0	-14.5276169864	-8.47967071508	-10.1542950627	-0.0
GTF2F1_K562_hg19	0.889035698689	2.22986126606	0.0	0.0	2.88182576486	0.0	-10.742410616	-26.2591745131	-7.58943874078	-18.9087876317	-11.6636039669	-32.2967909074
NRF1_SK-N-SH_hg19	0.909214739874	0.644897182844	0.0	0.0	0.0	1.86499843942	-20.455906021	-2.0626540841	-37.340929819	-21.0340105771	-25.4128208751	-17.3294131499
SREBF1_GM12878_hg19	0.0	0.0	0.0	0.0	0.0	0.0	-6.03373290994	-0.0	-7.54629971125	-8.10778547981	-0.0	-11.060579324
GATA2_SH-SY5Y_hg19	0.0	0.0	0.0	0.0	0.0	0.0	-0.0	-0.410207943643	-6.33703694481	-5.0933993535	-2.77273136752	-0.0
ZNF263_HEK293_hg19	0.0	2.1196990999	0.537015923287	0.542133901556	0.0	4.54498176009	-0.293426140637	-7.75600566994	-0.545310912849	-2.2120292069	-3.73148508261	-7.15578193438
CTCF_lung_hg19	0.0	0.0	0.0	0.0	0.0	0.0	-0.0	-0.0	-0.0	-2.77875828569	-0.0	-0.0
SRF_myocyte_mm9	0.0384103419347	0.0	0.0	0.0	0.333075140945	0.275577515961	-0.0	-0.0	-0.0	-1.81979124792	-0.0	-0.0
CTCF_kidney_hg19	0.0	0.0	0.0	0.0	0.0	0.0	-0.0	-0.0	-0.0	-0.715261072465	-0.0	-0.0
RUNX3_GM12878_hg19	0.0	0.0	0.0	0.0	0.0	0.0	-17.6072031367	-5.15743506559	-6.81014699342	-12.9136466355	-10.8662159517	-19.5996188165
CUX1_GM12878_hg19	3.54928902009	0.0	0.0	0.0	2.4433508213	16.4315032843	-9.43612436002	-3.06383237549	-23.8504623029	-4.30959597943	-5.79415567547	-20.5514497927
SIN3A_CH12.LX_mm9	0.0396748047212	0.151325371418	3.24323961701	2.79802547072	2.82271887878	0.0	-4.21881734289	-1.81827305363	-1.59434461702	-6.03961651496	-7.50386762502	-0.505536636883
STAT1_GM12878_hg19	1.29540314154	0.0	0.0	0.13348546835	3.17482729535	0.0	-3.80898838774	-21.5125896938	-16.8820719729	-8.9966968892	-12.2544699298	-17.5888646953
MYC_HeLa-S3_hg19	2.14660980444	0.0	0.0	0.0	0.0	0.0	-31.5023264105	-114.615216247	-95.5810510068	-84.4107829156	-66.3427460824	-82.1045496424
CHD1_GM12878_hg19	0.0	0.0	0.0	0.0	0.0	0.166048624868	-24.1907375886	-19.8560941262	-45.4358526028	-19.861887815	-33.5010194567	-25.7293041189
RBBP5_H1-hESC_hg19	0.0	0.0	0.0	0.0	0.0	0.0	-0.0	-0.0	-5.89790885559	-1.95188122874	-2.05621672801	-0.0
CEBPB_IMR-90_hg19	3.87064369318	4.84249120097	0.442321069986	0.0	0.499573010868	0.0	-1.58274146701	-0.912476655253	-0.0	-1.0776316289	-4.13279692991	-0.0
SIX5_K562_hg19	1.16153487914	0.0	0.0	0.0	0.0	0.0	-4.27530590483	-8.22014042734	-23.3028777036	-0.484820084297	-7.05883564287	-17.1656009253
SMARCC2_HeLa-S3_hg19	1.9047170031	1.31598776854	0.0756842952227	0.0	1.23500551905	0.0	-0.0	-1.06209242697	-4.7063154714	-3.67984145344	-1.46923678816	-0.0
SUPT20H_GM12878_hg19	2.35356849771	0.0	0.0	0.0	0.0	0.0	-3.06652491495	-0.0	-0.0	-7.14595648147	-0.0	-2.47205434632
CEBPD_K562_hg19	0.0	0.0	1.52692690288	0.0	0.0	0.0	-1.06074011051	-0.0	-0.735391164229	-5.78266519446	-0.0	-0.0
MAX_GM12878_hg19	0.0	2.07924116294	0.0	0.0	1.69113560382	0.0	-5.60542862316	-28.8936992089	-10.8198945004	-6.13196881727	-8.81721902757	-31.4461568003
NFIC_GM12878_hg19	0.0596530622936	0.0	0.0	0.0	0.0	0.0	-9.5241043399	-1.31331169453	-0.0	-20.5316864191	-2.50496449755	-5.69287500895
POLR2AphosphoS5_neural cell_hg19	1.26242555289	0.0	0.0	0.0	0.0	0.0	-6.06808701924	-19.7464801978	-4.84731271224	-11.4141782971	-10.7947575039	-14.4481820564
CHD2_H1-hESC_hg19	0.114518156288	4.91314858614	0.407172918117	0.0	0.0	0.0	-30.9563736651	-6.38619866446	-9.29118356358	-15.8995592625	-16.267934485	-31.5133609455
TBP_CH12.LX_mm9	1.09419192122	2.17732433089	0.0	0.0	0.0	0.0	-0.0	-2.86226317657	-8.34879047055	-0.66485069765	-4.44367820888	-1.22145677251
GATA3_SH-SY5Y_hg19	0.0	0.0	1.51070137929	0.0	0.462145241747	0.0	-2.56043371526	-0.0	-0.0	-0.635050759348	-2.06866969842	-1.71732179646
GABPA_MCF-7_hg19	4.33679141884	0.0	0.0	0.0907108032315	0.0	2.60246019016	-11.9854431508	-9.44402299825	-20.1851401046	-0.858383473584	-12.9984271715	-18.4253180255
JUND_H1-hESC_hg19	0.0	2.23158164368	3.41961027103	0.0	1.31309531676	0.0	-4.81993424946	-20.0816695619	-0.0	-3.37733304188	-7.66132326067	-18.8415975303
EZH2_HeLa-S3_hg19	3.12249365089	5.17842526733	0.0	0.0	0.0	0.0	-5.37153565915	-1.29531259098	-0.0	-4.21421560529	-1.65281003578	-5.25755539199
RBBP5_K562_hg19	1.67418559379	0.0	0.448112891131	0.0	0.0	0.0	-0.0	-0.39856695046	-9.26446818915	-5.06533776767	-0.108029177753	-0.0
POLR2A_brain_mm9	1.59617828411	3.50176022989	3.84458936498	0.236401768295	3.41637179251	0.0	-4.20953903151	-0.0	-0.170258015318	-0.0	-5.96125500545	-0.614649216862
GABPA_SK-N-SH_hg19	4.04579811465	0.0	0.0	0.0	0.0	0.0	-22.5538280801	-6.29872715331	-22.8239671285	-0.0	-9.88785835567	-30.9971933395
RFX5_K562_hg19	2.55800400722	0.0	0.0	2.33176364571	0.0	0.0	-52.9061999028	-41.9305822196	-43.0358970819	-51.977103987	-38.3285649525	-54.7694181244
SIN3A_H1-hESC_hg19	3.14523353431	0.0	0.0	0.0	0.0	8.93859034455	-8.69831360681	-0.0	-6.71732181348	-13.742905456	-2.24846600824	-3.61434738316
CHD7_H1-hESC_hg19	0.0	1.91155078012	0.0	0.0	0.0	0.0	-2.10445370022	-0.0	-12.6346384486	-9.20347867032	-0.0548913651296	-0.0
GABPA_HepG2_hg19	0.0	0.0	0.0	0.0	0.0	6.26736693414	-20.7511187036	-20.5103136695	-26.6477720155	-2.18410849058	-20.9673410593	-30.1905054698
TCF7L2_MCF-7_hg19	3.0112411616	8.99897097045	0.0	0.0	0.0	0.0	-2.06664940007	-2.6950526984	-0.0	-9.00369007294	-0.00404592662941	-0.228200509796
TRIM28_K562_hg19	0.0	0.0	0.0	0.0	0.0	0.0	-11.0221761777	-6.64742175498	-0.991481588974	-3.73948387797	-8.33827900066	-11.1321964956
MYC_MEL cell line_mm9	0.0	0.0	0.0	2.72862881348	0.0	0.0	-0.0	-46.7424520308	-21.365412902	-19.3389655759	-9.64535103737	-24.8092102146
NR2C2_HepG2_hg19	0.187550261357	0.0	0.0	0.0	0.0	0.0	-7.4184601546	-3.42025718099	-1.47098183941	-0.0	-1.23224563886	-10.9162593044
MAFF_K562_hg19	0.110942575565	0.0	0.0	0.0	0.191517519768	0.0	-18.8962774608	-37.4781200759	-42.5991903447	-19.3045891075	-23.2661735491	-32.4981502801
KDM4A_H1-hESC_hg19	0.0	0.0	0.0	0.0	0.0	0.0	-0.0	-0.0	-3.97860440152	-0.0	-0.106957870195	-0.0
REST_neural cell_hg19	0.0	0.0	0.0	0.0	0.0	1.65434253847	-0.0	-0.0	-0.337820461278	-0.0	-0.0	-0.0
SREBF2_GM12878_hg19	0.0	0.103350070653	0.0	0.0	0.0	0.0	-0.0	-0.0	-0.718553364826	-0.0	-0.0	-0.0
SIRT6_K562_hg19	2.55884544547	0.0	0.0	0.0	1.17027711437	0.0	-20.6334225893	-10.1168718408	-7.66991493035	-19.0143154859	-20.9289249119	-7.11866867933
TAF7_H1-hESC_hg19	0.0	0.0	0.0	0.0304917893958	0.0	0.0	-14.0190185068	-14.4437164689	-29.9421478281	-17.3233115061	-17.4712561335	-8.8814796947
BRCA1_H1-hESC_hg19	0.0	0.0	0.0	0.0	0.0	0.0	-20.1018926652	-19.5603795347	-32.7842545618	-37.3691639053	-15.2726323441	-12.0028044935
USF1_K562_hg19	0.0	0.0	0.0	0.282807592313	0.403554150639	4.37730304766	-8.43144496438	-12.6211918675	-12.6855117719	-31.3457504435	-2.38415891345	-0.863677927313
PAX5_GM12878_hg19	0.0	0.0	1.05249308154	0.553176060761	0.0	0.0	-23.2526673649	-16.0187570755	-10.0788487003	-12.3091136017	-23.3361425313	-17.1712619097
YY1_K562_hg19	0.0	0.0	0.0	0.0	0.0	0.0	-9.02945658934	-39.90984482	-9.24865515952	-10.0998533257	-13.6629090654	-24.644957678
CTCF_spleen_hg19	0.0	4.59280827365	0.0	0.0	2.55996189053	0.0	-6.01357534679	-7.63825998242	-11.0321992761	-3.24593937989	-2.46076707019	-10.4873715065
ATF3_GM12878_hg19	0.0	0.0	0.0	4.31945330863	0.0	0.0	-10.6025200946	-2.23114510809	-10.2728527352	-16.002526115	-0.0	-5.13311868502
ATF2_H1-hESC_hg19	0.396076862875	0.0	0.0	0.0	0.0	0.0	-20.1777540345	-49.4783852509	-23.0668338324	-27.5891709333	-18.5088750133	-35.3010040799
NRF1_HeLa-S3_hg19	0.933383111165	4.77913800132	0.0	0.0	0.0	0.0	-32.8940230078	-19.8522024587	-39.1566451692	-16.524234941	-29.5579233113	-26.4804914012
CEBPB_HeLa-S3_hg19	1.52665363282	3.57512216711	2.99842898244	0.0	1.62409935979	0.0	-0.0	-16.5919710309	-10.4403230003	-3.74720147005	-8.58043208574	-1.86821392502
SIX5_GM12878_hg19	0.0	0.0187674516326	0.0	1.25472881173	0.0	0.0	-10.3420262454	-1.99528429909	-18.1833455767	-0.0	-2.47509555833	-9.98799760192
CTCF_GM12878_hg19	0.0	2.67649323838	0.0	0.0	0.0	0.0	-15.3558263237	-12.0128599325	-6.22096268776	-19.6889749069	-4.32524187659	-12.9275854097
BCL3_A549_hg19	8.07000040683	0.0	0.0	0.0563719016065	0.0	0.0	-15.5011111147	-46.8609588856	-24.9147155122	-29.8337626649	-25.2399147769	-18.7863932334
MBD4_HepG2_hg19	0.0	0.0	0.0	0.0	0.0	0.704779878084	-13.5640537908	-22.972285425	-20.0951607742	-29.2445916276	-7.13514785074	-11.8506273543
MAFF_HepG2_hg19	0.0	0.0	0.0	0.0	0.0	3.92146232646	-5.218931329	-18.3215905204	-0.838529367071	-21.423666852	-0.0	-2.29567157304
ATF1_K562_hg19	0.0	0.0	0.0	0.0	0.685057471131	4.61318271253	-4.20811467796	-44.0219485082	-1.5471930389	-0.439112527466	-12.1318525325	-15.1617559206
NFIC_HepG2_hg19	0.0	0.0	0.0	0.0	0.0	0.0	-22.4299107195	-39.4376387679	-28.9299485394	-36.2284751741	-13.1951191203	-28.2043222844
RCOR1_HepG2_hg19	1.67977891009	1.24167270094	1.75063058459	0.324838349311	1.90147340708	0.0	-6.4856690675	-15.6249112311	-11.325402812	-6.50321626431	-12.0025012931	-5.82536437028
TRIM28_HEK293_hg19	6.21834917296	4.05505631623	0.0	0.0	0.0	0.0	-17.1507563924	-30.5034319825	-3.55905114158	-28.6314790683	-14.8974892178	-9.69987647246
SP4_H1-hESC_hg19	3.03486653281	0.0	1.51908457755	3.76839655076	0.363770993403	0.0	-0.93069928649	-11.3807191973	-13.4362090433	-5.69305604364	-1.63071756642	-2.3736904363
ZBTB33_A549_hg19	4.84417720621	0.0	0.0	0.0	0.0	4.49535424196	-37.559254924	-57.5057517257	-39.3493408006	-34.2802156993	-23.3236405428	-52.5967509009
TAL1_K562_hg19	0.0	0.0	0.0	0.0	0.0	0.0	-11.9635452732	-33.0916575411	-0.0	-17.5754396416	-12.8480390727	-9.63166459509
HDAC6_K562_hg19	0.0	0.191461538692	0.380240999181	0.0	4.53044006524	1.40105263813	-16.1017797747	-3.88986436839	-24.8498188865	-0.0	-11.4961759438	-4.43147588913
GABPA_CH12.LX_mm9	0.0	0.0	0.0	0.0	0.0	0.0	-10.8833468164	-28.9569361627	-4.13722997786	-18.6412652899	-2.48337038775	-13.2444114606
USF2_HeLa-S3_hg19	1.9167992409	3.11468474809	0.0	1.87873878974	0.0	0.0	-31.4753367631	-21.3418532863	-28.5370257041	-14.621587239	-28.2271934018	-22.406957756
ELK4_HeLa-S3_hg19	0.0	0.0	0.0	1.52310078489	0.0	0.0	-27.9997563502	-26.9886306445	-12.4322063564	-4.89776054941	-13.7852997066	-30.2622743249
EP300_A549_hg19	2.46961659408	0.0	0.0	0.0	11.7774065105	0.0	-26.02861973	-1.1092652829	-16.9310478978	-16.8548199312	-2.85673389204	-9.32693088982
KDM5B_K562_hg19	0.22655197121	0.0	0.0	0.0	0.0	0.0	-0.0	-18.5915880928	-3.52540473653	-0.0	-4.42328969291	-0.0
MYC_GM12878_hg19	0.0	0.0	0.0	0.0	0.0	0.0	-32.6283327661	-27.7287267468	-54.3155866573	-15.5325246994	-24.5196230419	-21.3258352725
CTCF_thymus_mm9	0.0	0.0822270498011	0.0	1.28265576433	0.0683443556395	0.0	-0.0	-8.11105775683	-0.0	-0.0	-0.0	-0.895768626395
BACH1_H1-hESC_hg19	0.0	0.0	0.0	0.0	0.0	0.0	-0.0	-4.98339685284	-0.0	-0.0	-0.0	-0.409981492113
EZH2_T-cell acute lymphoblastic leukemia_hg19	0.0	0.0	0.0	0.0	0.0	7.98607650372	-0.074265996168	-13.5501449812	-0.0	-2.50057235747	-0.0	-0.0
REST_myocyte_mm9	4.23631927788	0.0	1.32212195677	4.85401356324	0.0	0.0	-0.0	-18.5935554202	-0.0	-0.0	-1.69879839013	-0.0
KAT2A_MEL cell line_mm9	6.8977231608	0.0	0.0	0.0	0.0	0.0	-4.08630488095	-19.0126818221	-0.980374668112	-4.01556669456	-0.0	-6.31692889686
TAF1_HeLa-S3_hg19	1.64560062459	0.5199066049	1.47729745957	0.0	0.0	4.3238468969	-3.93469463127	-6.1147353568	-0.110693789537	-3.76616009261	-0.0	-3.78727811817
ZMIZ1_K562_hg19	4.8489273186	1.44530613269	0.0	0.0	0.0	9.74073729484	-13.1279041311	-18.7425953678	-12.5977162992	-3.62576719095	-2.67219962054	-17.7818345214
SETDB1_K562_hg19	0.0	0.0	0.0705086928549	0.0	0.0	7.72029442274	-22.2818064356	-18.4382774427	-2.36858967254	-18.0802165359	-13.800775232	-10.220895233
TCF7L2_HEK293_hg19	0.0571017133265	2.75548908005	0.0	0.0	0.0	0.0	-0.0	-1.73519548026	-0.0	-0.0	-0.0	-0.0861503996709
PML_K562_hg19	0.438273667579	0.0	0.0	0.0	0.0	2.906612499	-17.3182897416	-32.8768267783	-3.86006571468	-2.93466057169	-20.3346383991	-9.58203716912
CHD2_HepG2_hg19	0.0	0.0	0.0	0.0	0.0	0.0	-26.9471358348	-26.088415897	-30.3325323129	-30.0013105077	-25.2377721019	-12.8698230438
POLR2AphosphoS2_GM12878_hg19	3.6786890393	0.0	0.0	0.506731105137	1.96532738255	11.1259729276	-0.0	-13.2656603965	-2.60740259526	-2.01045015959	-0.0	-0.0
ZNF143_H1-hESC_hg19	0.0	0.125550687658	0.0	0.0	0.0	0.0	-12.6781259805	-0.0	-0.0	-3.03543768994	-0.0	-4.35048996949
CTCF_spleen_mm9	0.0	3.9654944022	4.26306782263	3.01887948411	0.53188786509	0.0	-0.0	-0.034769594655	-0.0	-0.0	-0.0	-0.0
RCOR1_CH12.LX_mm9	0.0	0.0	0.0	0.0	0.0	6.59727164119	-0.0	-2.87605550154	-0.0	-0.0	-0.0	-0.0
CHD1_MEL cell line_mm9	0.0	0.0	0.0	0.0	0.0	0.0	-0.0	-4.9244195852	-0.0	-0.0	-0.0	-0.0
JUND_GM12878_hg19	0.0	1.92148711225	1.1226855601	0.0	0.0	0.0	-0.0	-2.83961225465	-0.0	-0.0	-0.0	-0.0
SRF_GM12878_hg19	0.898101937832	0.0	0.0	0.0	0.0	1.84756836802	-0.0	-13.4145154479	-0.0	-0.0	-0.0	-0.0
EGR1_H1-hESC_hg19	0.0	0.0	0.0	0.0	0.0	0.0	-0.0	-2.44609879837	-0.0	-0.0	-0.0	-0.0
ELF1_GM12878_hg19	0.0	0.0	0.0	0.0	0.0	4.51277975937	-0.0	-4.53194787925	-3.49467699807	-0.0	-0.0	-0.0
ATF3_K562_hg19	0.0	0.0	0.0	5.29039915033	0.0	0.0	-2.58174440356	-24.9736715805	-0.0	-0.444171437006	-1.09736927862	-2.52916885091
POLR2AphosphoS5_HepG2_hg19	0.0	0.0	0.0	0.0	0.0	4.73077549046	-0.0	-17.6776528661	-2.04657844415	-0.0	-0.0	-0.0
TAF1_GM12892_hg19	0.334164257523	0.0	1.12384781057	3.80524419829	0.0	0.0	-4.74164626891	-3.45862138713	-12.6988654546	-0.0	-0.0	-0.0
ELF1_SK-N-SH_hg19	11.2004861581	0.0	0.0	0.12123695302	0.0	0.0	-24.276565866	-9.41584567824	-0.0	-0.0	-0.600695752211	-16.3011078595
ZNF143_GM12878_hg19	0.633516934986	5.58743746078	0.851188512651	10.3324345514	1.81249956385	0.0	-0.0	-4.8995813991	-2.44726874024	-0.0	-0.0	-0.0
BCLAF1_GM12878_hg19	0.0	0.0	0.0	0.0	0.0	0.0	-0.0	-13.4524270266	-3.57294050853	-0.0	-0.00485024498541	-0.0
REST_PFSK-1_hg19	0.0	0.0	0.0	0.0	0.0	0.0	-2.51659027449	-23.3260775675	-0.0	-0.890406177774	-0.0	-2.01822295836
REST_A549_hg19	2.32276618033	0.0	0.761802214346	0.0	1.61328425197	0.0	-7.73476042085	-50.2064333057	-20.0726292217	-0.943434168728	-5.68657347523	-7.50558631736
ELK1_K562_hg19	3.81965101235	0.160894751166	0.0	0.0	0.0	0.0	-14.5018285831	-31.7893956716	-18.5939929938	-10.3304325966	-18.2367329531	-8.62144720011
GABPA_K562_hg19	1.64926151947	0.0	0.0	0.0	0.0	0.0	-4.20064769118	-13.741357432	-0.0	-0.0	-0.0	-4.29211908021
ATF3_A549_hg19	0.153532915401	0.0	0.0	0.0	0.0	0.0	-33.1554601806	-13.2778417845	-27.7054893408	-20.5894910427	-3.96916744881	-19.5187447912
CUX1_K562_hg19	0.0	0.0	0.0	0.0	1.29618491437	3.50579687263	-25.9893422754	-33.5198781856	-34.3336120969	-26.7255025329	-27.2096248927	-6.52593863026
YY1_NT2-D1_hg19	0.0	0.0	0.0	0.0	0.0	0.0	-11.994356345	-36.7259234653	-32.0837444008	-2.70149734388	-0.704127890096	-12.7687090569
TRIM28_U2OS_hg19	2.71607269088	0.0	0.0	0.0	0.0	0.0	-38.1927904105	-29.6417814925	-6.00247307632	-6.86446624958	-21.6208194107	-22.3109018185
POU2F2_GM12878_hg19	0.0	0.0	0.694706421644	0.0	1.54495721954	4.94814676581	-10.3848319292	-17.2083515733	-6.48098096973	-12.7632922103	-1.86516592357	-7.80267674493
ELF1_K562_hg19	0.0361370574477	0.0	0.0	0.0	0.0	0.0	-36.3794616659	-0.0	-15.1417226253	-0.695944541633	-3.61166360223	-9.79968649795
CTCF_T-cell acute lymphoblastic leukemia_hg19	0.0	0.0	0.0	0.0	0.0	0.0	-1.63883499027	-6.75886072912	-0.0	-1.5805798801	-0.508359509562	-0.0
TAF1_GM12878_hg19	0.0	0.0	0.0	0.0	8.00404025535	0.0	-1.6998256326	-10.5197508069	-0.0	-0.0	-0.0	-0.0
NFATC1_GM12878_hg19	7.13614209119	0.0	0.0	0.0	3.46049761843	0.0	-23.8382916078	-8.22924705358	-17.4038640595	-14.3662135002	-2.25560386178	-10.9957183025
TCF12_ECC-1_hg19	0.0	0.0423788587505	0.0	0.0	0.792985284731	0.0	-9.36396117838	-0.570706791285	-7.13162243236	-2.32128622337	-2.33948771825	-0.0
YY1_A549_hg19	0.0	0.0	0.0	0.0	0.0	0.0	-13.1773723685	-5.43721545944	-0.0	-0.0	-0.0	-6.712978243
SRF_MCF-7_hg19	4.00968368191	0.0	0.0	0.0	0.0	8.78043695667	-7.80170545444	-18.8631997578	-0.0	-8.47162411795	-0.0	-0.278906103791
TAF1_PFSK-1_hg19	2.35620643277	0.0	0.0	0.0	0.0	0.0	-21.1270166938	-4.81598886873	-7.7915986638	-1.70473597897	-5.31806625218	-7.34608803466
ZNF384_GM12878_hg19	0.0	0.0	0.0	0.0	0.0	0.0	-34.8306520305	-0.0	-5.15448394194	-0.0	-0.0	-4.23732451356
GABPA_GM12878_hg19	0.0	0.0	0.0	0.0	0.0	0.0	-28.3852911878	-27.0481062664	-18.1541418779	-8.46726877986	-5.49061975123	-24.8822631771
MYB_MEL cell line_mm9	0.0	0.0	0.0	0.0	0.0	0.0	-14.0122175425	-0.0	-0.0	-0.0	-0.0	-0.767531987498
POLR2A_thymus_mm9	0.0	0.0	0.0	0.0	0.835565066848	0.0	-16.8971657277	-34.3689926764	-16.5852423422	-7.09179835098	-8.57683137212	-13.3435458441
SIN3A_K562_hg19	1.8502164286	0.0	0.0	0.0	0.0	8.61368365317	-25.9108995773	-0.0	-0.0	-0.0	-0.0	-0.382805449093
CTCF_fibroblast of dermis_hg19	0.0	0.0	0.485521206795	0.0	0.0	0.0	-1.08278878277	-0.0	-0.0	-0.0	-0.0	-0.0
ZNF143_K562_hg19	1.91407167427	0.0	0.0	0.0	1.32840162691	1.97310126471	-8.66599854536	-0.0	-0.0	-0.0	-0.0	-0.0
CTCF_B cell_hg19	0.0	1.29041304771	0.0	0.0	0.0	0.0	-5.13232131942	-0.0	-0.0	-0.0	-0.0	-0.0
CTCF_BJ_hg19	0.0	0.878469397928	0.0	4.8578056627	0.0	0.0	-1.08131275864	-0.0	-0.0	-0.0	-0.0	-0.0
FOXA2_A549_hg19	0.0	0.0	0.0	0.0	1.94893463707	5.72445380333	-7.55680778968	-0.0	-0.0	-0.0	-0.0	-0.0
CTCF_GM12873_hg19	0.0	5.51520856871	2.88972101631	2.35973384604	0.0	0.177133105587	-0.951695086474	-0.0	-0.0	-0.0	-0.0	-0.0
TCF12_GM12878_hg19	0.0	0.0	0.0	0.0	0.0	0.0	-6.58763524197	-0.0	-0.0	-0.0	-0.0	-0.0
REST_SK-N-SH_hg19	6.1362492341	0.0	0.0	0.0	0.0	0.0	-5.05183234303	-0.0	-0.0	-0.0	-0.0	-0.0
MTA3_GM12878_hg19	2.18731674567	0.0	0.0	0.0	0.0	0.0	-1.21063762519	-0.0	-0.0	-0.0	-0.0	-0.0
CTCF_GM06990_hg19	0.0	0.370845394396	0.192120479745	1.96206148987	0.0	0.0	-0.478771710941	-0.0	-0.0	-0.0	-0.0	-0.0
CTCF_fibroblast of pulmonary artery_hg19	0.0	2.41476656743	1.25903088455	0.434090388126	0.0	3.06107515307	-3.83541441025	-0.0	-0.0	-0.0	-0.0	-0.0
CTCF_cardiac fibroblast_hg19	0.0	3.16761847079	0.0	1.90861837166	0.0	0.0	-1.4636953714	-0.0	-0.0	-0.0	-0.0	-0.0
TAF1_neural cell_hg19	3.21838823074	1.59833789362	4.71300521514	0.0	0.0	11.6385081784	-0.051689207258	-0.0	-0.0	-0.0	-0.0	-0.0
GABPA_H1-hESC_hg19	1.69934067896	0.0	0.0	0.0	0.0	0.0	-11.7280357818	-0.157927036841	-0.0	-0.0	-0.0	-0.0
YY1_GM12891_hg19	0.0	0.0	0.0	0.0	0.0	0.0	-5.8654194499	-0.0	-0.529706269898	-0.0	-0.0	-0.0
BHLHE40_K562_hg19	0.0	5.06156810403	0.0	0.0	0.0	0.0	-18.6771311317	-34.4276187773	-6.38747179032	-5.08249295187	-9.75239125999	-7.57275798614
GABPA_A549_hg19	0.0	0.0	0.0	0.0	0.0	0.0	-21.7695083334	-16.9169861954	-10.598944819	-1.75853099123	-7.45607028465	-14.2690365401
FOSL2_A549_hg19	6.01972579187	0.0	0.0	0.0	0.874004765772	0.0	-8.50193798872	-25.0143462637	-3.24816227389	-2.62583490461	-0.0	-0.0
ETS1_A549_hg19	0.0	0.0	0.0	0.0592259899956	0.0	0.0415589898756	-5.26144411296	-14.9202424157	-1.13138240265	-0.0	-0.0	-0.0
SMC3_GM12878_hg19	0.0848716510905	0.0	0.0	0.0	0.0	0.0	-2.51761992812	-1.92066396684	-3.77431609224	-0.0	-0.0	-0.0
TBP_H1-hESC_hg19	0.0	3.87457698307	3.45459682997	0.0	1.95586596942	0.0	-2.3409082145	-5.69047544708	-0.0	-0.0	-0.0	-0.0
MAX_K562_hg19	0.671166892383	4.18286004718	0.0	0.0	3.5627288593	3.19871220719	-47.7222220068	-56.0208462436	-43.7881991629	-31.581590719	-34.0211315875	-43.0295724318
GABPA_HeLa-S3_hg19	5.02485492036	0.0	0.0	0.0	0.0	0.0	-33.1220930339	-28.1081950489	-21.1452819879	-5.50146845223	-5.02630230466	-23.7068085088
POU2F2_GM12891_hg19	0.0	0.0	0.0	0.0	0.0	0.0531806375243	-15.5321950065	-34.5875817452	-4.90811600677	-0.330027267513	-2.94993986546	-1.21676072814
YY1_HCT116_hg19	0.0	0.0	0.0	0.0	0.0	0.0	-4.12916026006	-8.47943014303	-0.0	-0.0	-0.0	-0.0
MYC_H1-hESC_hg19	0.0	2.50441449385	1.03076763427	0.0	0.0	0.0	-10.4887038036	-2.76057430645	-0.0	-0.124402892031	-0.0	-0.0
TAF1_MCF-7_hg19	1.19493136441	0.0	0.0	0.0	0.0	15.7374840909	-8.8527814155	-14.4415633716	-0.0	-0.0	-0.0	-0.0
YY1_H1-hESC_hg19	0.0	0.0	0.0	0.376986355788	0.0	3.17572995958	-32.8964609063	-16.9719773104	-5.99428343622	-6.66683490555	-3.81318767934	-9.3031640216
ELF1_HepG2_hg19	0.0	0.0	2.94998396509	0.0	0.0	0.0	-16.0005524363	-22.7222074144	-17.5157090028	-0.604744775886	-0.0	-5.2635799321
JUN_HepG2_hg19	0.0	0.313672398477	2.50276855594	0.0	0.0	0.0	-3.32773426612	-4.92819463811	-0.0	-0.0	-0.0	-0.0
TAF1_A549_hg19	0.0	0.0	0.0	0.0	0.0	0.0	-15.0081633344	-28.1070669821	-15.0170071071	-4.14325850193	-0.0	-0.305689806608
ZNF384_K562_hg19	0.0	0.63591159111	0.0	0.0	1.7262357732	0.0	-14.5723941879	-11.6287653433	-1.43284200525	-0.0	-2.43539905584	-3.08029634656
YY1_ECC-1_hg19	0.408711931562	0.337623291482	0.0	1.02367104899	0.0	0.0	-20.9787457487	-21.7116189144	-16.6780837886	-10.0167767851	-5.42647666518	-13.6063599525
TCF12_A549_hg19	0.0	0.0	0.0	0.0	0.0	0.0	-8.82926645548	-12.8873449831	-9.97039235455	-0.0	-0.0	-0.0
RELA_GM19099_hg19	4.38455346122	0.0	0.0	0.0	0.0	0.0	-21.6093674308	-24.7166253036	-14.6436222499	-0.0	-6.8781692033	-7.32204426288
ELF1_MCF-7_hg19	0.620407424006	0.0	0.0	0.0	3.4205955637	5.7297664616	-17.2671502171	-14.343362285	-10.1981863683	-0.0	-6.91960432117	-0.73741953491
NRF1_K562_hg19	4.893317578	2.01804372017	0.0	0.0	4.66571825321	3.30394936038	-25.4896119108	-21.4335801305	-14.5221171525	-12.4317969943	-13.8147089264	-13.6205815001
ZC3H11A_K562_hg19	3.75177734898	0.0935932525391	0.0	0.0	0.0	0.0	-27.0291100687	-28.333845914	-11.4629081441	-15.9613763874	-2.63279585294	-2.73437867295
ELF1_A549_hg19	3.32541260278	0.0	0.0	0.0514775009949	0.0	0.0	-21.7903046649	-10.8228576716	-4.78635778756	-0.0	-0.0	-0.235936894151
SIX5_A549_hg19	0.0	0.0	0.0	0.0	0.0	0.0	-36.4158788557	-38.8050917632	-23.8255858268	-5.43552521918	-4.69515001368	-11.4125234703
STAT5A_GM12878_hg19	0.0	0.0	0.0	0.0	0.0	0.0	-21.1051424171	-17.312574656	-5.76652321855	-1.30345532337	-0.0	-2.9390499868
TAF1_GM12891_hg19	0.0958624488056	0.0	0.0	0.0	0.0	0.0	-14.2733905399	-9.31665048116	-8.90836185218	-0.0	-0.0	-0.0
YY1_GM12892_hg19	0.0	0.0	0.0	0.0	0.0	0.0	-3.03795594379	-2.40792650396	-1.92398714684	-0.0	-0.0	-0.0
RELA_GM15510_hg19	0.0	0.0	0.0	0.0	2.82488895479	3.47079033181	-23.4757989309	-21.4477977561	-14.6622994193	-5.34017288873	-4.6605722686	-1.08979564135
