	0.04	0.12	0.37	01.11	03.33	10.0
A2M				0.0201902208112		0.0173973065768
ABCC3			0.0190793902457	0.021773496635	0.0195635276353	
ABHD4	0.0214841430027	0.0234697202713	0.0221219792161	0.0230287000482	0.0216862452722	0.0333994109269
ABHD6	0.0178610964811					
ABLIM1	0.0176812675474					
ABLIM3		0.0167752678265				
ACSL5	0.017644548736					
ACSS3	0.021980534989					
ACTA2	0.0177439424814					0.019307001657
ACTG2					0.0273999641571	0.0223620133083
ADA	0.0191518919579					
ADAM9				0.0170489414635		
ADAMTS1	0.0200720189667					
ADAP1		0.0176685919358				
ADCY9	0.0187035961684					
ADH1C		0.0176705343877				
ADM	0.0302286321815					
AES	0.0190705431857					
AHNAK2	0.0185774379251					
AIF1				0.0202287653275	0.0237153294778	0.0219168408205
AIM1				0.0178177378751		0.0289962055365
AKR1B10				0.0193425003546		0.0198157636201
AKR1C1	0.0213642786289		0.0215029898169	0.0229884008275	0.0213703067346	0.0208661691133
AKR1C2	0.0257382765482	0.0172293348352	0.0200075644233	0.0223758457605	0.0219416218222	
AKR1C3	0.0197901631319					
ALAS2	0.0207902798036				0.0188200608729	
ALDH1A1	0.0237493397053					
ALDH2	0.0225464223362					
ALDH3A1	0.0222253447173					
ALDH3A2	0.0236465244474	0.0176845613363	0.0176435854231			
ALDH3B1					0.0201692117394	
ALOX5AP			0.0204663404553	0.0240738553863		
AMACR	0.0176069441616					
ANKRD10			0.0198091022867			
ANKRD11			0.0188457009898			
ANKRD36B				0.0168211601195		
ANXA4			0.0231382626968	0.0216431274094	0.0206256218042	
AP1M2	0.0189532575422					0.0189582487
APLP2	0.0177706195089					
APOD	0.0223145788368	0.0188140497489	0.0246419110943	0.0217961257513	0.0183075638259	
APOE		0.0248530843835				
APOL1		0.0184332522657				
AQP3		0.017519134267			0.0207514378964	
ARHGAP32		0.0172109239287	0.0180717703364			
ARL6IP5	0.0188728988305					
ARMCX3	0.0180988380779					
ASMTL		0.0177387266734				
ASNS			0.0225627018094	0.0234953284052	0.0244488701198	
ASPN		0.0185145021608		0.0261016137084		0.0227832919425
ASS1	0.0196059158379		0.0220754007011	0.0183264507897	0.0200773037923	
ATF3						0.017552223817
ATM				0.0167994413018		
ATP2B1	0.0237395680792					
ATP2B4	0.0266425740383					
ATP6AP1		0.0179224692374			0.0182331366797	0.0176079725082
AZU1		0.017302045599				
BACE2		0.0200791155757				
BBS1					0.0177886985112	
BCAS3	0.0173494153026	0.0190975476343	0.0171688165864	0.0226406330961	0.0211696513156	0.0240095476401
BCL6		0.0241028719573	0.0195809894818	0.0291355292864	0.0268344629545	0.0213286499549
BIK		0.0210624160258				
BLNK						0.0214401166118
BLVRB	0.0260580512497	0.020908818051	0.0279323638228	0.0230133889395	0.020775107204	0.022613361483
BNIP3L		0.0176479110627	0.0199827010286	0.0189549153861	0.0201126772023	0.0177249236698
BPIFA1	0.0201563604651	0.0176225235695	0.0239103044092			
BPTF			0.0196741566011			
BRD4			0.0199639451648			
BSCL2			0.0170797069595			
BSDC1					0.0197547007562	0.0187819523396
BTG1	0.0200159184924	0.0233997941515	0.0205388644686	0.019238390183	0.0187131453041	0.0183268933828
BTG2				0.021573548746		
BTN3A3	0.0174180144084					
C11ORF2					0.0187864151958	0.0197297004983
C13ORF15				0.0250440542523		
C14ORF132						0.0235912429327
C14ORF159				0.0182764961814		
C17ORF101		0.0179587493177				
C19ORF22	0.0191721490082					
C1ORF115						0.0182252334053
C1ORF54	0.0191587276493					0.0201240386516
C1ORF63		0.0176402788528	0.0171975225033	0.0175403869095	0.0209485065044	
C1QA			0.0216280705089			
C1QB			0.0266651339189	0.0179030618302	0.0180429665175	
C1R	0.0206249522374	0.0233798013423	0.0217130210885		0.0211458643706	0.0175646621584
C1S	0.0243433566314	0.0199609175324	0.0226506714896			
C3		0.0294000733756	0.0184942807901		0.0240064967683	
C5AR1				0.017890188229	0.0191484806501	
C6ORF48					0.01796264992	
C7ORF68		0.0180156016312				0.0182771066304
C9ORF16		0.0196405281473				
C9ORF3	0.0176887904632					
CA1				0.023073851475	0.0189443873204	
CA12	0.0343241925295	0.0224619236814	0.0347067436642	0.0295381310972	0.0194653628153	0.0345156872654
CA4						0.0169841593495
CALB1					0.0189077833142	
CALCOCO2	0.0183698839276					0.0188573413027
CAPN1	0.0354484413036	0.0322554764583	0.0342908895748		0.0351116578982	0.026761180251
CASK				0.0175119941045		
CASP2	0.0271028451454					
CBLB	0.0228053680179		0.0187541352448	0.0178442266191	0.0175174853371	0.0191964762903
CBS			0.0233315182878	0.0222065440224	0.0236890546402	0.0192032573138
CCL4				0.0204029562394		0.0182795709794
CCL5		0.0256925115366		0.0210884607616	0.0223141868885	0.0235549624859
CCNG2						0.0183420932555
CD14			0.0208675416484	0.025278141206	0.0232707929163	0.018728609643
CD163			0.0203813498807		0.0173637666612	
CD2		0.0171050895817				
CD24	0.0275565130547					
CD53			0.0194306843494			
CD84			0.01811315004			
CD93					0.0177188226897	0.0167460392665
CD97	0.0225003019406					
CDIPT			0.0172749910291			
CDK12		0.0176190083965		0.0183708780933	0.0187474069395	0.0201433069974
CDK5RAP3				0.0218235239712		
CDKN1B					0.0181872414621	
CEACAM5			0.0244134714798			0.0181856100122
CFB	0.033030307756	0.0391571104622	0.0276807368617	0.0334450262423	0.0427109008506	0.021769617545
CFD	0.0287268130115	0.0296087935043			0.0294368887014	0.0283603518549
CFI		0.0166389141585				
CFLAR	0.0237521905712					
CHRDL1	0.0213240880888					
CHST2			0.0198238505774			
CLDN10			0.0197115171209			
CLDN3	0.0187035741315					
CLDN8						0.0200807937863
CLN3		0.0178450292559				0.0211203296364
CLU	0.0407526803633					0.0229929817212
CNN1						0.0179847097245
COL15A1						0.0173102877533
COL18A1		0.0186540920463				
COL1A1			0.0197303920123	0.0190772507659		
COL21A1	0.0204827432181					
COL3A1		0.0286116344754	0.0260885982381	0.0277489567573	0.017549397075	0.0193209441095
COL4A5				0.017422693573		
COL5A1				0.0172663379541		
COL9A2		0.0172892693868	0.0192587442713		0.0219946474116	
COX7A1	0.0190262257292					
CP	0.0309378350942		0.0200023682974			
CPD		0.0191976305817				0.0186443741698
CPT1A		0.0185046863579	0.0178611309541			
CREG1			0.0171988325576			
CRIP1	0.027448191249					
CRYAB	0.0232807426116				0.0257108725805	
CSF1R		0.0192381305656	0.0191435530934	0.0169887825579	0.0174367335432	0.0264948400553
CST1				0.0198279087444		
CSTA	0.0239126881488	0.0410678351441	0.0187942985114	0.0178104154408	0.0233928700529	0.0274037437013
CTH			0.0170755671232			
CTNNB1	0.0177499044686					
CTSA		0.0183905380403	0.0184540108902		0.0193180002956	
CTSB		0.0167190253994				
CTSD	0.0194729921535	0.0197654875637	0.0182046574085		0.0204363671373	0.0179009135653
CTSH		0.0190952014595	0.0244582372046	0.0229693058608	0.0234221019127	
CUTA				0.0179367057799		
CX3CR1		0.036821189873	0.0251066563845	0.0345909144325	0.0286406871531	0.0338286508444
CXADR			0.020867677111	0.0190299752867	0.0200400300353	0.0173196896662
CXCL2		0.020571597338			0.031440276554	
CXCL5	0.0222232124332					
CXCR7	0.0270470107133					
CYBB				0.0194456139311	0.0188500015036	
CYFIP1			0.0184682713157			
CYP2B7P1						0.0168008843099
CYP4B1	0.0259264481798	0.0187004529634	0.0235087191636		0.0264023852402	0.0211784403609
DACH1		0.0204352543485			0.0173940931157	0.0258571468074
DCN	0.0258213954064	0.0310284339007	0.0327370116165	0.0233055297056	0.0183200582765	
DCUN1D4	0.0185917851171					
DDR1	0.019189273033	0.021038929617	0.0211461016758	0.0198552527419	0.0212642584712	
DEFB1		0.0187898551462	0.0219055171117	0.019136427015	0.0202918047536	
DEPTOR	0.0201028006272		0.0209662361495		0.0194760237105	
DHRS3	0.0197674342995	0.0240236384371		0.0201890508287		0.0174238529124
DIAPH2	0.0189215576151				0.0202692524162	
DKK3						0.0207044265389
DLG5		0.0230847705875	0.024046285278	0.0243707656192	0.0191690647919	0.0239193272688
DMBT1	0.0183138515615					
DNAJB2	0.0219438087999		0.0252009685962	0.0242912679788	0.024699217975	
DNAJC12		0.0175031911747	0.029651658842	0.0212685127967	0.0209639287299	
DNASE2			0.0179417172773	0.0202497826257		0.0195948234753
DRAM1	0.0177865498016					
DSP		0.0237393147434				0.0219464550379
DST		0.0174017921863		0.022985379234	0.0173277270622	
DSTN		0.0187505722254				0.0184639760018
EAPP		0.0206296871909		0.0174192885915	0.0187132236616	0.0236473286498
ECHDC2		0.0175601732944				
EFEMP1		0.0210670097093			0.01735449378	
EFHC1				0.017532900626	0.0183498422515	
EFNA1		0.0305486044654	0.0276579208497	0.0275300176507	0.0260936224724	0.0251478327531
EGFL6		0.0263892260725	0.0191535736899	0.0226365661853		
EGLN3	0.0219002938838	0.0187735921599	0.0228225481675			
EIF1AY				0.0182242835662		0.0193151129893
EIF2AK3			0.0209537337948			
EIF2S3	0.0297012946587					
EIF4B		0.0226098397117	0.0210800141876	0.01671022816	0.02084084141	0.0172822761471
ELF1	0.0181592540242		0.0186136328531			
ELF3		0.0186203774207	0.0240492362852			0.0190152489402
ENSA					0.0176260494192	
ENTPD1		0.0173048935488		0.0194369887566	0.0175507388916	0.0237723628378
EPB41L1			0.0172386915059			
EPHA3						0.0275970351122
EPHX1					0.017951566932	0.0218694984047
ERAP1	0.0187732151276					
ERBB2	0.0173891025327					
ERBB3		0.0420274277371				
ERP29					0.0179904739327	
ESR1	0.0187532858752	0.023503332254		0.0172116340127		
EVL		0.018671439469				
EXPH5					0.0193661123658	0.0225491006861
F13A1	0.0177049468587	0.0200131707797	0.0174138398757	0.0279303410139	0.018902409762	0.0200699556563
FAM127A		0.0186462428842	0.0173169057463			
FAM127B		0.0178627814904		0.0170130656475		
FAM129A				0.0167272829872	0.020944021127	
FAM134B	0.0189470770869	0.0168386675652				
FAM13A	0.0191241239833					
FAM13B	0.0186713894387					
FAM65B					0.0211748834046	0.0196753113722
FBLN1	0.034215731641	0.0398924504549	0.0277914840011	0.0291201933708	0.0282313921692	0.0219533500881
FBLN2	0.0184873033658					
FBP1				0.0193630924741		
FCER1G		0.0265448859214	0.0200655577076	0.0281191623457	0.019862053536	0.0232593828024
FCGBP		0.0175209410076	0.0213889327976	0.0328548423594	0.0226634948678	0.0288255365748
FCGR1B		0.0210214963991	0.0227678210384	0.0178239697931	0.0192983662637	0.0228042286451
FCGR3B			0.0175585657138			
FDXR			0.0173808240312		0.0182633795826	
FECH				0.017130082644		
FGA			0.0232615757572			
FGB	0.0210542957252		0.0186738193643			
FGF9				0.0180936169888	0.0172289682344	0.0181026273151
FGG	0.0202055175629	0.0171082907608	0.0348492124841	0.0180033425718		
FGL2		0.0164732580055				
FGR				0.0184953911308		
FHL1	0.0200042513522					
FILIP1L	0.0183240648343					
FLOT1				0.0176298571981	0.0186986179493	
FMO2	0.0221320345596					
FOLR1	0.026121643348					
FOSL2				0.0187616972288	0.020832510825	
FOXO3	0.0188748676733					0.0184964198043
FOXO4	0.0184655147083	0.0209155184431		0.0172053019737		0.0181087047528
FPR1				0.0189660824386	0.0193705936604	
FRAT1						0.0181749163705
FTH1		0.0196340746244	0.0231622378171	0.0188238484446	0.0238461882886	0.016932225635
FXYD3		0.0268118549847	0.0304565355645	0.0211415550951	0.0185652544398	0.0250037749014
G6PD	0.0202026820209		0.0176299617799	0.0214359986796	0.0234797066082	0.0176344404773
GAA	0.0205217775955	0.0215360127942	0.0231946625671	0.0228466498468	0.027598630395	0.0251619690059
GABARAPL1				0.0177130814449		
GABRP		0.0187293738395				
GAPDH			0.0196063179416	0.026039101955	0.0231935090992	
GATA3		0.0345308294458	0.0194763800348	0.0332102195556	0.0202900705905	0.045659346524
GBP1		0.0208076587147				
GBP2	0.0202639025563	0.0234201719912				
GCLC				0.0224968376188		0.0178360988687
GCNT3	0.0181158338578		0.0200577748986			
GJA1	0.0264395490675		0.0245502324007	0.0206949205591		
GLT25D2			0.0176893037083	0.0185700346792	0.0201097192749	0.0194107869359
GLTSCR2		0.0225424972375	0.0238801599061	0.0210579415294		0.0234540555149
GLUL	0.0291725809769	0.0397338789185	0.0364489218131	0.0329998889951	0.0374733902859	0.0320151694967
GNAI1			0.0283714048483			
GNB5				0.0187655128068		
GNLY		0.0221136779289		0.0232483428183		0.0214056022437
GOLGA8A	0.019290789553	0.0214804830319		0.0181787373381		
GOLGA8B				0.016845550111		
GOLGA8H					0.0181232081839	
GOLGB1				0.0205318806866		0.0183766658692
GPATCH8				0.0227975429473		
GPC4				0.0174096576476		
GPM6A						0.0181324079095
GPM6B		0.0183991462962				
GPNMB	0.0280195186653	0.0343299529591	0.0304063744588	0.032069885502	0.025962985264	0.0299344641264
GPR56			0.0258585365802	0.0174022329162	0.0197015533328	0.0198653436511
GPX2	0.0200925606092					
GPX3	0.0200537488167					
GRB7				0.0184180584924		
GRN	0.018039572791				0.019024644985	0.0197964249394
GSDMB						0.0178796667368
GSN	0.0272247958692		0.0193123643631			0.0167709519426
GSTA1	0.0197988712825					
GSTK1	0.0183361545866					
GSTM2				0.0172087714928		
GSTZ1						0.020557429851
GULP1			0.0239303572988			
GUSBP11			0.020248745606			
GUSBP3	0.0178661433695			0.0206065782482		
HBB	0.0217554472918	0.0222268160199			0.0231185258874	
HBP1						0.0169221765522
HCAR3		0.027870447533	0.0193256425489	0.0225210125104	0.0188108959204	0.0306650056833
HCLS1			0.0214339733829			
HDAC5						0.0179317632641
HIGD2A		0.0170911301324			0.017550335885	
HIPK1	0.0190698636481					
HIST1H1C	0.0176321142393					
HIST1H2AC	0.0215811502816	0.0324332780085	0.0280512237444	0.0269516078172	0.0312100831776	0.0215263950766
HIST1H2BD		0.0212670704488	0.0232730287752	0.0211138247434	0.026807523219	
HIST1H2BK	0.0238297005639		0.0191837699704		0.019365643692	
HIST1H3H			0.0177955776668			
HLA-DQA1			0.0216999971981	0.018818720624	0.0209027523023	
HLA-E		0.017741447372				
HLA-F	0.0174168849513					
HMOX1			0.0172082423957	0.0284087832221	0.0345158133057	0.0342103106915
HOOK2		0.0178925315029				
HP	0.0183685659556					
HPGD		0.0196706347403	0.0290030799073			0.0220318361009
HS1BP3			0.0178984098942		0.0191228026222	
HS2ST1			0.0295033979702			
HSPA6				0.0176369939828	0.0204434845345	
HSPB8	0.0362772718742				0.019866907445	0.026941142316
ID2	0.0188955967717					
ID4	0.0186101412641					
IDH1	0.0200146733288		0.0174517229714		0.0186731809957	
IDO1	0.0196441142725	0.0247825061723		0.0183856127849	0.0260288728037	
IDS		0.0191371341244	0.0197523550475		0.01739141123	
IDUA					0.0174898386901	
IFI27	0.0266045942439	0.0277654521269				0.0205717782098
IFITM1	0.0396543804103	0.0258990768544		0.0201161385773	0.0184619832138	0.0221255243706
IFNGR1				0.0178530536289		
IFRD1			0.0193929478135			
IGBP1		0.0256358923184	0.0221131248924	0.0228259561399	0.0220908171307	0.0204105621017
IGFBP5		0.020453080923	0.0308437076992		0.0232983492332	0.0337265956461
IGFBP6	0.0178640928329					
IGFBP7		0.0206046538908				
IGHD			0.021299180003			
IGKC			0.0171125688765			
IGKV1-5			0.0230752690406			
IGL@					0.0187240335387	
IGLL3P			0.0188496751407			
IKZF1			0.0408587415488			
IL2RB			0.0203163283241	0.0230277525681		0.0169400391721
IL32	0.0200700976523					
IMPA2	0.0192742074041					
INSR						0.0212321208888
IRF9	0.0195943113315					0.0177714564791
ITGAM			0.0184494207699	0.0254749844989	0.0180720213575	
ITGB2				0.017807774994	0.0183989488565	
IVNS1ABP				0.0200156756154		
JAG1						0.0212455843721
JAM2						0.0177319730878
JMJD6						0.019573965563
JUN	0.0183890227136					
JUND	0.0228736418098	0.0217180596515		0.0169102320432		
JUP						0.0174140067803
KCNJ2				0.0187096833827		0.02348809938
KDM3A			0.0207209476117	0.0366396259592		
KDM5D						0.0181811335154
KIAA0182					0.0197018394479	
KIAA0564		0.0176574650756	0.0194059788197	0.0175621723051	0.0173871824749	
KIAA1467						0.0176154340205
KLF4			0.018252912305			0.0205908978074
KLF9	0.0209691692931					
KLHL24	0.0222178933648	0.0165902933979	0.0182393124121			0.0196519243394
KRAS			0.0179862784763			
KRT13	0.0245504362284					
KRT15		0.0225607947285				
KRT18		0.0166500778783				0.0206917082399
KRT19	0.0319088320303	0.0277586311266	0.0363064716979	0.0252243808417	0.0224417081024	0.0324136388869
KRT4		0.0177362757544			0.019225451003	0.0191645018281
KRT8	0.0228200310412			0.0199683133884		
KYNU	0.0257046289737					
LAMA2		0.0164528444912				
LAMP2		0.0279047965498	0.0262542284593	0.017312306927	0.0299887395963	0.0217358496784
LAPTM5			0.0211032837803			
LBH				0.0170316555551	0.0223649848829	0.0224130218285
LCK						0.0170050630705
LCN2	0.0327260072386	0.0267892011617				
LCP2			0.018731956392			
LDOC1		0.0256102983417	0.0190881976634	0.0226039456515	0.0251718102227	0.0244061490528
LETMD1		0.0197023591495		0.0172745332252	0.0193520345696	
LGALS3		0.0199060521573				
LGALS3BP			0.0173731964491			
LHFPL2	0.0186830107802					
LIMK2					0.0189244283916	
LMO4			0.0190703930718			
LMOD1	0.0240795636618					
LOC100505650	0.0215393747394					
LOX		0.0209092852225				
LPPR4		0.0168677815064				
LRMP			0.0174356688299			
LTF	0.0173583390367					
LXN			0.0173295297587			
LY96			0.0177780247246			
MAF	0.025449820704		0.0173545892984			
MAFB						0.0178309933626
MAGEA3		0.0167613102098	0.0299243480326			
MAGEA6			0.0262705340643			
MAN1C1			0.020119946243			0.0200628815233
MAN2A1	0.0233295568452	0.0212779303814				0.0179300745634
MAN2B1			0.0231498724693	0.020797085211	0.0199790333102	
MANBA						0.0171290792183
MAOA	0.0200788202759	0.0237631554859	0.0171929816858	0.0199949871319	0.023928587635	0.0217213083396
MAP1A	0.0175205497106					
MAP1B				0.024569438064	0.0266622743549	0.0192893634453
MAP2						0.0186425758271
MAPKAPK2				0.0223761656974		
MAPKAPK5	0.0219006531112					
MARCH2				0.0174633169936		
MARCH8						0.0192861395725
MECOM	0.0253897578389					
MEIS1	0.0235820005964	0.0206652983985			0.0213529189678	0.0190153347261
MEIS2		0.0246146296933		0.0202162913439		
MEOX2	0.0178764321607					
METRN	0.0215627644916	0.0240523539665		0.0208092178004	0.0176337452316	0.0208300329578
METTL7A	0.0339842193548	0.0228423346751			0.0263776857589	
MFAP5	0.0209058581963					
MLPH		0.0198553876195	0.0186758284293			0.024057869433
MME	0.0270507372284	0.0369735886603	0.0305365637727	0.0303803166411	0.0359732817163	0.0311365549934
MMP12				0.0220149589626		0.0182142464689
MMP7	0.0220007179636		0.0232353031601	0.0280637073371		0.0204587811765
MNDA				0.0196074819303	0.0200190028895	0.0203292550713
MS4A6A				0.0194468203573		0.0191593966718
MST1				0.0168603920609		
MST4	0.0245088736739					
MT1E		0.0193103051549				
MT1F		0.0178135667995			0.0196525256924	
MT1G		0.0196324334859	0.0179223222342		0.0205002402007	0.0179062592982
MT1H		0.0185273897147				
MT1P2		0.021532718789				
MT1X		0.0222859744887	0.0225012436117		0.0225980100994	
MT2A		0.0198880213187				
MTSS1			0.0176896253417			
MTUS1			0.0178121200648			
MUC1	0.0334651316741	0.0394539922767	0.0418996738406	0.0382963026626	0.0420220268382	0.0339022054106
MUC4		0.0192262448071	0.0189381258927			0.0191409058136
MVP	0.0179445565105					
MXI1		0.0253901744056		0.01780340551	0.0183175302676	0.0306881818097
MXRA5	0.0244135954504	0.0417230349159	0.0344652323837	0.0428647910017	0.034556534032	0.0341509809507
MYH11						0.0233930107502
MYLK						0.0169431241627
MYO1F					0.0173567149918	
MYO6				0.0167568671773		
NAMPT		0.0169813901052	0.0202726190121	0.0170668329595	0.018435455731	
NAV2		0.0207177500628	0.0183690923743	0.0249199798143	0.0266607464693	
NCF2				0.0204782701926	0.0205155693995	0.0188011693523
NDRG1	0.0264453865573			0.0202284895872		
NDRG2						0.0248867105633
NDUFA4L2	0.0226857854791		0.0220648134873	0.0168535771095	0.023609872851	0.0175232662528
NEAT1		0.0261512813146	0.0249258119707	0.0222902689988	0.0275420630179	0.0204348654964
NEBL			0.0199057170737	0.0199209904025	0.0287490448542	0.0239157144868
NEDD9				0.0182862421166		
NEFL		0.019665629755	0.02735028269		0.0201676686406	
NFE2L1		0.0190834077182	0.0193551258234	0.0187384394948	0.020485587499	
NFIL3			0.0194857669764	0.0174930472992		
NISCH	0.019287774172					
NNMT					0.018051096048	
NOL3					0.0174190890485	
NOTCH3				0.0171832027086		0.0207611177159
NPIPL3				0.0201507800725		
NQO1		0.0166063995216				
NRCAM		0.018423430379				0.0248264081341
NRN1		0.0214529698258				0.0218242714423
NUMA1		0.0166619267122				
NUPR1	0.0274203875365	0.0360733125858	0.0410528829052	0.0448332501823	0.0416482328526	0.0419708590361
OGT			0.0200625837501	0.0182052807923	0.0198902661724	0.0177675211074
OLFML3						0.0185463499113
ORAI3		0.0166819647476	0.0239531499649	0.0202935026779	0.0239138903567	
OSR2	0.0258932558453					
P4HA2					0.0188340490114	0.0202243261664
P4HTM	0.0234452379341	0.0221875276113	0.0199145506282	0.0226826246648	0.0298709761725	0.0222741290598
PADI2						0.0221734131129
PAEP			0.0181778635678			
PAK6		0.0191570844158				0.0218173417595
PAM				0.0176158673538		
PAN2				0.0167078887665	0.0197389569992	
PAPSS2	0.0220637079571					
PBX1				0.020304611906	0.0187025496033	
PBXIP1	0.0194924456824					
PCK2			0.0199714471101	0.021937203232	0.0236237727536	0.0170213389156
PCOLCE2	0.0182442473744					
PDCD4		0.0204559369805		0.0218069869718	0.0209999763654	0.0266190240876
PDGFD			0.0181643386454			
PDGFRA			0.0209393561146			
PDK2	0.0182077236696					
PDLIM1	0.0234998175564	0.0220254676596	0.0200485674339	0.0231734396072		0.0183714129227
PDZK1IP1		0.0332076620516	0.0229661977432	0.0282631228577	0.0328617874162	0.0253954211547
PEG3						0.0175639836682
PEX11A		0.0208389373578				
PF4			0.0193593263774			
PHGDH		0.0194172175844	0.0337181062108	0.0367025597363	0.0368007877832	0.0343213612395
PIK3IP1	0.0206530144394					
PIK3R1	0.0381844756678	0.0221556611533	0.0208656960268	0.0181549742341	0.0174288039858	0.0209869607607
PIR	0.017365381547					
PKD1P1		0.0167260411001			0.0186304103465	0.0182557617149
PLBD1		0.0244486906216	0.0228180160203	0.0273853691975	0.0216550864482	0.0207814115248
PLCB1	0.0287413900718	0.0205482577662	0.0202675283772	0.0205113211822	0.0267703048283	0.023892895303
PLEKHA5						0.0182670060207
PLEKHF1						0.0168871027685
PLIN2			0.0235185308517			
PLTP	0.0196453513377					
PLVAP						0.0207459427862
PLXNB2				0.0175101332188	0.0199775562903	
PLXNC1				0.0181588319259		
POLR1D		0.0189989637396	0.0187562430791	0.0183458349313	0.01958637793	
POSTN			0.0175711574431	0.0176059246189		
PPAP2B	0.0200978862659					0.0177140189219
PPAP2C	0.0221949143503	0.0170607992271	0.0179174811626		0.0204484367091	0.0173934826612
PPL	0.0270465526529	0.0331689406254	0.0180040599587	0.0173193101136	0.0356929155388	0.0192238919573
PRAF2		0.016475294937				
PRDX2	0.0200330200489					
PRF1		0.019823573112				
PRKCQ	0.0176356708389					
PROS1		0.016977075245		0.0283248086911		
PRR15L						0.0174550642774
PRSS8			0.019059108658	0.0200094603307	0.0202852039244	
PRUNE2					0.0214971435895	
PSAP		0.0202387921791				
PSCA	0.0213485343111					
PTGDS			0.0217394894181			0.0229604940753
PTGER4		0.0258704612408	0.020849231291			0.0255704174741
PTGES	0.0183199233351					
PTN	0.0269161296429	0.0218036420746		0.0262701256239	0.0299194042741	0.0334899300634
PTPRC			0.0171402336445			
PTPRO				0.0181647906497	0.0196123088999	0.0210972330212
PYCARD			0.0226591142111	0.0205147656627	0.0198016500185	0.0204449063737
PYCR1		0.0181713464999	0.0287437846786	0.0297860465839	0.0279886232122	0.0207584141544
QPRT			0.0185275594839			
RAB17					0.0175113150323	
RAB25		0.0239130323631	0.0186329790457	0.0229215528776	0.021984986822	0.0286020061086
RAB31			0.0238335466432			
RAB9A	0.0179660159386					
RALGDS	0.0206017630031					
RARRES1	0.0312066840974	0.0268004189375	0.0295928250617	0.0214241516845	0.0228107716557	0.0275284830096
RARRES2	0.0202400193561					
RARRES3	0.0181631846791	0.0246931785998	0.0215436778596	0.0186805302962	0.0266899105532	0.0229990192885
RASGRP1	0.0212536229654	0.0254768291806	0.023587894699	0.0224465007328	0.0207727781065	0.0208133043556
RASL11B			0.0182991282826			
RASSF2						0.0182145557918
RBKS	0.0186856234416				0.0191396783028	
RCN1				0.0169430072998		
REG1A	0.0193710270942					
RHOB		0.0165424933585				
RNASE4	0.0177157174578					
RNASE6				0.0189545024791		
RNASET2			0.0204332510856			
RNF128						0.0197408758238
RNF13						0.0171705836147
RNF167		0.0183115764948	0.0179966658559	0.0177773155094	0.0173095729285	
RNH1		0.0230789825983				0.0248860537944
ROBO1	0.0230494108086					
ROGDI		0.0179712423324			0.0233408759605	0.020019996322
RORA				0.0202456113339		
RPL31	0.0208666634938				0.0208087913255	
RPL39L	0.0194851435672					
RPS4Y1				0.0171762738628	0.0193426037922	0.0226025410416
RRAGD	0.0180396531851					
RUNX1T1	0.0212177344048					
S100A4	0.0250769398399					
S100A9	0.0194164937283	0.0205244997964				
SAMHD1	0.0176637590382					
SAT1	0.0175168257539	0.0255767898524	0.0207451149637		0.0173478754586	0.0181092432116
SATB1						0.027376100754
SCAMP1						0.0186512438455
SCGB1A1					0.0187023158714	
SCNN1A		0.028643970601	0.0340370839175	0.0237175447374	0.0355065128462	0.027372251796
SCPEP1		0.0432768000648	0.0304950368331	0.0342145392265	0.0357722936161	0.0377853981341
SEL1L3	0.0264288198335					
SELENBP1	0.0300539314675	0.0174290949924			0.0193646552081	0.0176067802902
SEMA3G		0.0177250410878				
SEMA4C		0.0188277378864	0.021022788205		0.0177486012504	
SEPHS2		0.0183359065443	0.0193566961757			
SEPP1		0.0218638318755	0.0254300471734	0.0330578686049	0.0191208985789	0.0217677447117
SEPT4						0.0180986484056
SERPINA1		0.0191380282213		0.0181157630174	0.0249618915925	0.0207066654809
SERPINA3	0.0257594570059				0.0175390316829	
SERPINF1	0.0295888357146	0.0256162091567	0.0254074161034	0.0193269846937		
SESN1			0.0293785596172			
SFRP4		0.0210176607562				
SH3GLB2		0.0177041802039				
SH3YL1	0.0235569182975	0.0301073658866	0.0344791719054	0.0313596955618	0.0361453867366	0.0313635812256
SLC15A2					0.0223160501216	
SLC16A7	0.0185123553525					
SLC1A1			0.0174089018867			
SLC22A18	0.0180361933835	0.0178117547135	0.0225531248924	0.0193459077505		
SLC22A5	0.0196646725981					
SLC25A6		0.0183535902717	0.0192020581238	0.0192782306294	0.0195083346494	
SLC2A1			0.0187216508847			
SLC2A3		0.0278168676233		0.0270454654306	0.0248534867429	0.0286524323065
SLC34A2	0.0189335602233					
SLC35E2B			0.0194430793802			
SLC39A8	0.0254346589007					
SLC3A2					0.0174199247612	
SLC47A1	0.0196571384598					
SLC4A1				0.0175658974272		
SLC6A14		0.0213034914307				
SLC6A8	0.0265460513707	0.0204700823642	0.0291196209609	0.0329082068716	0.0261744711655	0.0252808270494
SLC7A11			0.0267535495301		0.0208503891152	
SLC7A7			0.0224634844807	0.0269641158554	0.0271255256971	
SLC7A8				0.0207262439873	0.0194106916017	0.0181498707903
SLC9A3R1		0.0181012311478		0.0168440372565	0.0187823427082	
SLCO2A1	0.0174956965552					
SLCO3A1					0.0174876008518	
SNAP25						0.0178000023166
SNCA		0.0210330907788	0.0186245944235	0.0198144638191	0.0190714895513	0.0191948616323
SOD2	0.0300309014992	0.0284246995941	0.0271271983351	0.0198802077423	0.0289933078519	0.0225769594083
SOX4		0.0205158291759			0.0175504520697	0.017420616484
SPAG4			0.0231885032734			
SPATA20	0.0208192687035		0.0239730654513	0.0271513484824	0.0242714537841	
SPDEF		0.0218684835004	0.0184061080838	0.0180273108846	0.0180319940379	0.0220770938238
SPINK2	0.019439060459					
SPINK5		0.0190468392849				
SPINT1		0.021678531813	0.0185275482928	0.0201125174391	0.0246219077637	0.0245753297705
SPOCK1		0.0168136082513		0.0185160950658		
SPON2		0.0176349511105	0.0201246247351	0.0253008997912	0.0269202127051	
SPP1			0.0357659204636	0.0432172704749		0.0290213328109
SPTLC2						0.018935796102
SPTSSA		0.0195416266661	0.0174409448597		0.0234777112705	0.0255013081948
SQSTM1				0.0182781893203	0.0179315964384	0.0186768665525
SSBP2	0.0197358615469					
SSPN	0.0188635641501					
ST3GAL5						0.0221433276783
STAB1			0.0204114403699			0.0233690710297
STC1	0.023679302595	0.0265021089777		0.0212617148591	0.0220696570896	0.0280273701918
STC2		0.0213261954274				0.0216033461263
STK38L	0.0176052002522					
STOM	0.0256629544343					
STS				0.0184963649293	0.0212741239611	
STXBP1			0.0185739626272			
SULF1		0.0307759284758	0.0293973161584	0.0337820482074	0.0289543440664	0.0311920235509
SULT1A1	0.0196524898317	0.0229754915352	0.022787095821	0.0192116987457	0.0208114112345	0.0250576088591
SULT1A2						0.0179821322365
SULT1C2			0.0171131930395	0.0191862285681		
SUV39H1	0.0316187713609					
SVEP1		0.0165937437908			0.0175512962706	
SYBU		0.0257259621499	0.0179999718217	0.0174662555127	0.0297537462148	0.024858881359
SYNE2	0.0263143862952	0.0290616783425	0.0325822093137	0.0305458045547	0.0352706371068	0.0209081028438
SYT17		0.0169253962076	0.0196412102177			
TACSTD2		0.0282524213135			0.0215015772908	
TARP						0.0208548268213
TATDN2	0.0353673837449					
TBC1D5						0.0182699336546
TBX2			0.0173018247759			0.0299643017102
TCEAL4	0.0177890430614					
TCF4	0.0188149987105					
TGFBR3	0.0193105734014					
THBS2		0.0192473991468	0.0222743415762	0.0234263600493		
THBS3					0.0186244469946	
TIMP4	0.0188141149325					
TKT					0.0201865401742	
TMC5		0.0196853862207				
TMEM111	0.0185898943596					
TMEM45A				0.0193493003012		
TMEM59			0.0173245199971			
TMPRSS3				0.0167986367136		
TNFAIP2	0.0235835362646					
TNFSF10		0.0185055778167		0.02056734551	0.0190257825787	
TNFSF13		0.0196024257213		0.0219510059446	0.0231933375473	0.0198569439854
TNS1	0.0208668548267					
TNXB					0.0185909409464	
TOB1		0.0166087250139	0.018601910917			
TP53I3				0.0176086655705	0.0203228045849	0.018526419466
TP53TG1				0.0220740578542	0.0188532556934	0.0186073122673
TP63				0.0203235874775		0.0175133255629
TPD52L1	0.0283975506756					
TPP1		0.0204619458099	0.0273831470834	0.0224437764464	0.0217841508183	0.0181630028208
TPR			0.0175098301359			
TRAC			0.0171349495462			
TRD@	0.0184085895864					
TRDV3	0.0175403201582					
TREM2				0.0221423622836	0.0172733236909	
TRIM16	0.0261035857347					
TRIM2	0.0176614224011					
TRIM22	0.0190511700881	0.020595819277	0.0179755831418		0.021804648237	
TRIM29	0.0249259736484	0.0170620467165		0.0179857547906	0.0264177089071	0.0225713793325
TRIM8		0.0171323604479				
TRPS1	0.0205349519145					
TSC22D3	0.0450288809844	0.0314790218958	0.0398957033504	0.0335260772178	0.0374358680332	0.0320171860392
TSKU	0.0205876664838	0.0272105104484	0.0266027801448	0.0311582803713	0.0271639379344	0.0343420625844
TTC28	0.0193318822967					
TUSC3		0.0180436038634				
TXNIP	0.0203128824582	0.0229854222002	0.0218265347911			
TYROBP				0.017032972591		0.0168031177496
UBXN4			0.0214177686755	0.0176325546306		
UPK1B	0.0228986038669					
UST	0.0208355368101					
VAV3	0.0199013167551					
VCAN			0.0178868102474	0.0167763816258	0.0194277762206	
VIPR1		0.0175114930579				0.021486456425
VSIG4			0.0226847112359	0.0170677398524		
VWF						0.0183146118996
WASF3					0.0202870344217	
WBP2					0.0210553608061	
WDR13		0.0205087194779		0.0169971687116		0.0187672818557
WDR45		0.0182444988308		0.0194368939951		0.0167787264728
WDTC1		0.0172348593207			0.0174082924277	
WFDC1	0.017987939853					
WFDC2	0.0270466319056	0.0215759645197	0.0259338398296	0.0242153809328	0.0274168242159	0.0168921385497
WIPI1				0.0194956324552		
WISP2	0.0229535891377					
WNK1					0.0175862299048	
XIST			0.0182827536309			
YPEL5	0.0261551773902	0.0180304535312		0.0270804251182	0.0173246206065	
ZBTB16			0.0225359425056	0.0186338192425	0.0237168855638	0.0184829611045
ZC3H12A		0.0181609403107				
ZEB2		0.0175258815393				
ZFP36L2	0.0243199693602	0.0182248108923				
ZMYND8					0.0172986129371	
ZNF277			0.0215475770284		0.0187648496769	
ZNF652	0.0242749422799					
ZNF91		0.0213777277135		0.027252660776	0.0250445481839	0.0239853635903
