	pr_gene_symbol	0.0316	0.099928	0.316
10011_DYRK_Y321_IYQY[+80]IQSR	DYRK1A	0.188589852704	0.172763623033	0.0817707787401
1024_ISPK1_S369_TPKDS[+80]PGIPPSANAHQLFR	RPS6KA3	0.475519978567	0.0892833531015	0.0837219782919
1078_ARM2_S87_RNS[+80]SEASSGDFLDLK	HN1	-0.106768229068	-0.081421830317	0.104108786072
1130_HSPC216_S321_LPLVPES[+80]PRR	ZC3HC1	-0.0675784749794	0.162877228545	-0.18939825361
1142_CTG26_S956_ANAS[+80]PQKPLDLK	NCOR2	0.103361520287	0.019105595138	0.23786574619
12_KIAA0701_S935_SMS[+80]VDLSHIPLKDPLLFK	KIAA0701	0.411604525474	0.120535530727	-0.14378790064
1458_OCIA_S108_LENS[+80]PLGEALR	OCIAD1	-0.0418783198455	0.264848267533	0.211655628307
1503_PDK1_S241_ANS[+80]FVGTAQYVSPELLTEK	PDPK1	-0.0471569652143	0.0827908045205	0.373680489961
151_ABI1_S184_TNPPTQKPPS[+80]PPMSGR	ABI1	-0.0248533720648	-0.0396295736871	0.0412402764358
1797_WDR20_S465_SNS[+80]LPHSAVSNAGSK	WDR20	-0.144798812364	-0.147286528736	0.071356990307
1811_MAP4_S2218_VGS[+80]LDNVGHLPAGGAVK	MAP4	0.265098213253	0.356260415741	0.322164655967
1953_RBM17_S222_S[+80]PTGPSNSFLANMGGTVAHK	RBM17	-0.0913408639085	0.115681686709	0.171090459569
2328_IQGAP3_S1424_S[+80]LTAHSLLPLAEK	IQGAP3	-0.159958500237	-0.0962156542464	-0.00639522999538
2577_C9orf88_S692_AAPEAS[+80]SPPASPLQHLLPGK	FAM129B	-0.41447992512	-0.633928909704	-0.802282921685
290_TMSL3_S2_S[+122]DKPDMAEIEKFDK	TMSB4X	0.239037817243	-0.21855168984	0.122174467585
296_AP1GBP1_S1075_SLS[+80]LGDKEISR	AP1GBP1	-0.000678084273441	-0.0992266552734	-0.212504794564
3013_ZC3H14_S515_DLVQPDKPAS[+80]PK	ZC3H14	0.0843270254584	0.234934128951	0.263329253722
3145_PFKF_S386_S[+80]FAGNLNTYKR	PFKP	0.00128125082409	0.149563743394	0.268377379069
3169_KIAA0217_S601_SPS[+80]PAHLPDDPKVAEK	LARP5	0.0462547742912	0.176418617052	-0.0955806261294
3435_MAP3K7_S439_S[+80]IQDLTVTGTEPGQVSSR	MAP3K7	-0.0277982887829	-0.264064241589	0.240421643826
343_RP11-373M8.1-002_S397_HRPS[+80]PPATPPPK	SRRM1	0.130756312431	0.0754317162096	-0.320154673113
3555_BRD4_S1117_IHS[+80]PIIR	BRD4	0.234086811167	0.540565044598	0.158143748847
3604_KIAA0722_S556_LHS[+80]APNLSDLHVVRPK	ULK1	0.302826449842	0.431061360229	-0.248282092655
3738_KIF4_S801_TFS[+80]LTEVR	KIF4A	-0.445016337332	-0.69059610258	-0.451991141738
381_C22orf9_S247_SLVGS[+80]WLK	C22orf9	-0.317974587967	0.0535643174612	0.407297431901
3995_BRAF_S446_TLGRRDS[+80]SDDWEIPDGQITVGQR	BRAF	0.118256841683	-0.411269630716	0.0306357291631
4000_FOSL2_S200_S[+80]PPAPGLQPMR	FOSL2	-0.223839000948	0.162788559511	-0.0615506525079
4054_JUND_S100_LAS[+80]PELER	JUND	-0.0203506591069	-0.216180502963	-0.157527327851
4262_RPL12_S38_IGPLGLS[+80]PK	RPL12	-0.104121271704	-0.169744869588	-0.215035592411
4317_CAIN_S1012_TPS[+80]IQPSLLPHAAPFAK	NUP214	0.0798161056768	0.290216308549	-0.0234703668453
4343_DDX48_S12_A[+42]TTATM[+16]ATSGS[+80]AR	EIF4A3	-0.153694482805	0.0862884063314	0.304834844115
4343_DDX48_S12_A[+42]TTATMATSGS[+80]AR	EIF4A3	0.033069103282	0.209559912868	0.321724237756
4382_LAP2_S306_HAS[+80]PILPITEFSDIPR	TMPO	-0.201562921753	0.246006314943	0.156803344251
4474_BAT2_S1219_LIPGPLS[+80]PVAR	BAT2	-0.303545623086	-0.672088140366	-1.08538443674
4499_FAS_S207_LGM[+16]LS[+80]PEGTC[+57]K	FASN	-0.546603489674	-0.151371334498	0.151109457407
4499_FAS_S207_LGMLS[+80]PEGTC[+57]K	FASN	0.0402199181652	0.00322507168018	-0.096759366311
461_FAM76B_S193_ISNLS[+80]PEEEQGLWK	FAM76B	-0.041941770472	-0.0620160962669	0.0865370054059
5003_AHNAK_S3426_VSMPDVELNLKS[+80]PK	AHNAK	-0.780976550498	-1.01575141178	-1.48801302838
5073_PAK2_S2_S[+122]DNGELEDKPPAPPVR	PAK2	0.0717551938895	-0.0532143787288	0.253098252994
5473_MAPKAPK1A_S230_KAYS[+80]FC[+57]GTVEYM[+16]APEVVNR	RPS6KA1	-0.253910225571	-0.15410607602	-0.0901717929651
5473_MAPKAPK1A_S230_KAYS[+80]FC[+57]GTVEYMAPEVVNR	RPS6KA1	-0.202386110193	-0.37543179833	-0.254867364425
5653_ZNF672_S189_IHVSRS[+80]PTRPR	ZNF672	0.571132465913	-0.00771699296289	-0.276157640665
5715_C17orf85_S500_RPHS[+80]PEKAFSSNPVVR	C17orf85	-0.000898197265117	0.119842553994	0.0533276069652
6108_ATAD2_S327_KPNIFYSGPAS[+80]PARPR	ATAD2	0.147347852477	0.143678315194	-0.229448930044
6244_KIAA1321_S652_NDS[+80]WGSFDLR	NUFIP2	0.0129343581193	0.0374608444678	0.158231132696
6267_My038_S1179_LEVTEIVKPS[+80]PK	RBBP6	-0.0192816492162	0.0866179573125	0.0721893272462
628_CASC3_S265_YGS[+80]PPQRDPNWNGER	CASC3	0.0815092108352	0.163422932451	-0.000617688213208
6423_AD029_S105_QDDS[+80]PPRPIIGPALPPGFIK	KIAA1704	0.100060200122	-0.049515726905	0.111809039478
6550_CCNYL1_S344_SFS[+80]ADNFIGIQR	CCNYL1	-0.0751453571705	-0.0590751246255	0.272695043953
6582_NFATC2IP_S204_TEFLDLDNSPLSPPS[+80]PR	NFATC2IP	-0.0727111955318	-0.122861361639	-0.19052046905
6588_KIAA1991_S403_VLS[+80]PLIIK	RNF169	0.112358155446	0.162321595158	0.27203112911
6615_TB7_S44_AGS[+80]PDVLR	ZNF740	0.0725447276432	0.183819585052	0.17173718081
6696_DDX54_S75_LGPGRPLPTFPTSEC[+57]TS[+80]DVEPDTR	DDX54	0.02190888826	-0.463272128941	0.169857958143
6776_A2D_S339_QGSGRES[+80]PSLASR	ATXN2L	0.0852171865078	0.0894657771536	0.215997285466
6797_AGS1_S224_LAAPSVSHVS[+80]PR	ATRIP	0.139557767636	0.184692757005	0.10706791683
6902_BAF45D_S142_VDDDS[+80]LGEFPVTNSR	DPF2	-0.314003650306	-0.359262077332	-0.296037333991
6930_FUBP2_S480_LFIIRGS[+80]PQQIDHAK	KHSRP	0.21080260784	0.131911333056	-0.249833821069
6978_CIN85_S230_S[+80]IEVENDFLPVEK	SH3KBP1	-0.322748466878	-0.417575473538	-0.267372873765
7094_C13orf8_S405_TAPTLS[+80]PEHWK	C13orf8	0.0632870833696	0.0345462010078	0.131949587632
7173_CAT53_S313_VLS[+80]PTAAKPSPFEGK	PPP1R10	-0.0678421503121	-0.146080244407	-0.104602074862
7210_HCA90_S774_SSDQPLTVPVS[+80]PK	TPX2	0.00959188657235	0.105247575044	-0.0115595660264
7240_HBXAP_S473_FYETKEESYS[+80]PSKDR	RSF1	0.269034440284	0.268248232286	-0.543520078082
7365_KIAA1844_S64_SDS[+80]PENKYSDSTGHSK	WAC	0.104655415534	-0.0257205457633	0.334204473911
7518_KIAA1734_S515_S[+80]IPLSIK	UBE2O	-0.0402684261873	0.0332896446554	0.366034465988
7710_CDW2_S121_RLS[+80]QSDEDVIR	WDR26	-0.223756319719	-0.0480661184587	0.0474749682168
7829_ANLN_S295_ATS[+80]PVKSTTSITDAK	ANLN	-0.226644032115	-0.0471093184993	-0.0629194325961
7934_PP8000_S203_YLLGDAPVS[+80]PSSQK	TERF2IP	0.0597095750766	0.144159501984	0.136563473782
8115_LRWD1_S212_ANS[+80]PEKPPEAGAAHKPR	LRWD1	-0.00601196080048	0.0617383512561	-0.117362472443
8123_EPLIN_S362_SEVQQPVHPKPLS[+80]PDSR	LIMA1	-0.0117106456426	0.112356358699	-0.0077692838484
8124_EPLIN_S491_ETPHS[+80]PGVEDAPIAK	LIMA1	-0.108733703067	-0.343206124882	-0.229935502391
8209_GPATC8_S1035_SQS[+80]PHYFR	GPATCH8	0.000629967223597	-0.091347382034	0.127349251702
8380_HSPC075_S353_TQLWASEPGT[+80]PPLPTSLPSQNPILK	SRRM2	0.225393448735	0.0991485469046	-0.221695720514
8487_MAP3K2_S163_DRS[+80]SPPPGYIPDELHQVAR	MAP3K2	0.214564591998	0.283219768988	-0.522906229307
8498_THRAP3_S253_SPALKS[+80]PLQSVVVR	THRAP3	0.0875060332819	0.0116609195256	-0.0397079253967
8879_BAT2D1_T2675_AFGSGIDIKPGT[+80]PPIAGR	BAT2D1	0.133026140985	0.152358115646	0.211820220265
920_BAT2D1_S1546_SFS[+80]SQRPVDR	BAT2D1	-0.024173797613	0.026592300831	0.0881572778787
9285_CDC2_T161_VYT[+80]HEVVTLWYR	CDC2	-0.187870009476	0.249855778847	0.325117840199
9379_LAP2_T160_SST[+80]PLPTISSSAENTR	TMPO	-0.0640028322742	-0.0572468710448	-0.014368955868
9561_PLEC1_T3893_QIT[+80]MEELVR	PLEC1	0.0412836524279	-0.190277248303	0.637985204866
9940_HSPC075_T1492_ALPQT[+80]PRPR	SRRM2	0.0559273648414	0.20783266604	0.0115800445037
